Nom,Masse_Terre,Rayon_Terre,Temp_Etoile_K,Periode_Orbitale_Jours,Distance_AL,Habitable,Source
Kepler-6 b,212.31044,14.616536,5647.0,3.2346996,1914.6629208399997,0,NASA
Kepler-32 c,158.9,2.0,3900.0,8.7522,1056.2464213199999,0,NASA
Kepler-29 c,4.5,2.34,5378.0,13.28613,2715.35306992,0,NASA
Kepler-20 c,11.1,2.894,5495.0,10.8540774,921.5961782799999,0,NASA
Kepler-52 b,135.0,2.1,4075.0,7.8773565,1048.72852552,0,NASA
K2-280 b,37.1,7.5,5500.0,19.89526,1277.0214177199998,0,NASA
K2-222 b,7.5,2.275,5942.0,15.3889274,330.46452075999997,0,NASA
K2-216 b,8.0,1.75,4503.0,2.1748,376.58297916,0,NASA
K2-295 b,106.47305,10.054473,4444.0,4.024867,759.2944295599999,0,NASA
K2-157 b,1.14,0.935,5334.0,0.3652575,973.1614418799999,1,NASA
EPIC 201595106 b,7.67,1.565,5679.0,0.87724,757.008076,0,NASA
K2-263 b,15.4,2.513,5368.0,50.819172,529.94153036,0,NASA
EPIC 229004835 b,10.4,2.332,5868.0,16.141132,397.81573476,0,NASA
G 9-40 b,4.0,1.9,3395.0,5.7459982,91.087543056,0,NASA
HD 80653 b,5.72,1.613,5959.0,0.719573,358.31498159999995,0,NASA
Kepler-21 b,7.5,1.639,6305.0,2.7858212,353.95101432,0,NASA
Kepler-8 b,187.5197,15.871944,6213.0,3.5224991,3332.8903172,0,NASA
HD 73344 b,10.48,2.884,6252.6,15.611,115.00260559999998,0,NASA
2MASS J12073346-3932539 b,1652.7077164,15.69257298,,,209.74440048,0,NASA
55 Cnc e,7.99,1.875,5172.0,0.7365474,41.04836338,0,NASA
CoRoT-10 b,874.0,10.87,5075.0,13.2406,1103.66624216,0,NASA
CoRoT-11 b,740.51,16.03,6440.0,2.99433,2136.44247772,0,NASA
CoRoT-12 b,291.438,16.14,5675.0,2.828042,3673.7233371999996,0,NASA
CoRoT-13 b,415.704,9.92,5945.0,4.03519,3747.3041308,0,NASA
CoRoT-14 b,2415.4,12.22,6035.0,1.51214,5690.117576,0,NASA
CoRoT-17 b,772.29,11.43,5740.0,3.7681,3835.9859471999994,0,NASA
CoRoT-18 b,1102.82,14.68,5440.0,1.9000693,2494.7313668399997,0,NASA
CoRoT-19 b,352.78,14.46,6090.0,3.89713,2578.79481428,0,NASA
CoRoT-1 b,327.35,16.7,5950.0,1.5089557,2569.81247804,0,NASA
CoRoT-23 b,889.9,11.77,5900.0,3.6313,3460.4173132,0,NASA
CoRoT-2 b,1102.82,16.432,5625.0,1.7429935,695.63530148,0,NASA
CoRoT-3 b,6883.91,11.32,6740.0,4.2568,2507.3927427599997,0,NASA
CoRoT-4 b,228.83,13.34,6190.0,9.20205,2369.23632272,0,NASA
CoRoT-5 b,148.42,15.558,6100.0,4.0378962,2878.23537632,0,NASA
CoRoT-6 b,940.74,13.068,6090.0,8.886593,2104.66509864,0,NASA
CoRoT-7 b,4.07660518,1.68135,5275.0,0.85359163,521.54301336,0,NASA
Kepler-24 c,9.99,2.514,6028.0,12.33,3773.0052235999997,0,NASA
CoRoT-8 b,69.92,6.39,5080.0,6.21229,1050.3429977199999,0,NASA
CoRoT-9 b,266.9772,11.948794,5625.0,95.272656,1346.9590488,0,NASA
CT Cha b,5403.0,24.66,,,622.0447231999999,0,NASA
GJ 1214 b,8.41,2.733,3101.0,1.580404531,47.758044612,0,NASA
GJ 436 b,22.1,4.17,,2.64388312,31.810679607599997,0,NASA
GQ Lup b,6356.0,33.6,,,493.04676364,0,NASA
HAT-P-12 b,67.059,10.749,4650.0,3.2130598,465.59095156,0,NASA
HAT-P-13 b,270.462,14.258,,2.91625,804.9856235999999,0,NASA
HAT-P-14 b,1093.3352,15.91678,6600.0,4.62767,726.22873428,0,NASA
HAT-P-15 b,616.5902,11.88154,5568.0,10.8635,627.9024849599999,0,NASA
HAT-P-17 b,184.3414,11.76945,5246.0,10.33852,301.31302363599997,0,NASA
HAT-P-18 b,62.61,11.153,4803.0,5.508023,526.415784,0,NASA
HAT-P-19 b,88.03846874,11.29865255,4962.0,4.00878322,659.08952168,0,NASA
HAT-P-1 b,166.86075,14.784671,5980.0,4.46529976,518.5195472400001,0,NASA
HAT-P-20 b,2302.899,9.718,4595.0,2.875317,231.692742344,0,NASA
HAT-P-21 b,1547.8321,12.44199,5588.0,4.12448,904.35883368,0,NASA
HAT-P-22 b,785.0401,12.89035,5302.0,3.21222,266.680474932,0,NASA
HAT-P-23 b,664.237,15.334,5905.0,1.212884,1189.8594882799998,0,NASA
HAT-P-24 b,238.3725,14.5717,6373.0,3.35524,1354.6693766399999,0,NASA
HAT-P-25 b,180.84527,12.722215,5519.0,3.65281514,979.72043904,0,NASA
HAT-P-26 b,22.2481,7.06167,5079.0,4.23452,462.6098857199999,0,NASA
HAT-P-27 b,197.05,11.43,5316.0,3.039577,649.61468988,0,NASA
HAT-P-28 b,198.953,13.585,5680.0,3.257215,1308.9259976399999,0,NASA
HAT-P-29 b,279.6904,13.11453,6087.0,5.72319,1022.74693856,0,NASA
HAT-P-30 b,263.7989,16.14096,6304.0,2.8106,697.9249166,0,NASA
HAT-P-31 b,721.4741,12.21781,6065.0,5.00542,1122.139718,0,NASA
HAT-P-32 b,216.1244,22.19382,6001.0,2.1500082,943.2594597999998,0,NASA
HAT-P-33 b,292.4036,20.73665,6446.0,3.47447,1291.9365315999999,0,NASA
HAT-P-34 b,1058.3739,13.417173,6442.0,5.452654,813.1884469999999,0,NASA
HAT-P-35 b,335.62848,14.930388,6096.0,3.646706,1653.4967653999997,0,NASA
HAT-P-36 b,587.413406,14.313893,5620.0,1.32734683,960.2652336399999,0,NASA
HAT-P-37 b,371.528,13.204,5500.0,2.797436,1273.9457666399999,0,NASA
HAT-P-3 b,206.5895,10.53646,5185.0,2.8997,438.85594424,0,NASA
HAT-P-4 b,213.255,14.28,5860.0,3.056536,1045.17016356,0,NASA
HAT-P-5 b,311.4734,13.56289,5960.0,2.78849,989.34856416,0,NASA
HAT-P-6 b,419.5356,16.58932,6570.0,3.85298,898.0966384799999,0,NASA
HAT-P-8 b,406.8224,15.6926,6200.0,3.07634,689.99280268,0,NASA
HAT-P-9 b,238.05467,15.614137,6350.0,3.92281072,1484.67189668,0,NASA
HD 118203 b,680.15279098,12.778238,5742.0,6.1349779,300.907937884,0,NASA
HD 136352 b,4.72,1.664,5664.0,11.57797,47.88622392,0,NASA
HD 136352 c,11.24,2.916,5664.0,27.59221,47.88622392,0,NASA
HD 136352 d,8.82,2.562,5664.0,107.245,47.88622392,0,NASA
HD 149026 b,120.7754,8.29466,6179.0,2.87589,247.435966308,0,NASA
HD 17156 b,1036.12060682,12.26262489,6046.0,21.2164294,254.68315262799996,0,NASA
HD 189733 b,359.1479,12.66617,5052.0,2.21857567,64.460819528,0,NASA
HD 209458 b,232.0159,15.58051,6091.0,3.52474859,157.538566496,0,NASA
HD 80606 b,1323.46926959,11.56766808,5565.0,111.436765,216.79948091600002,0,NASA
HD 97658 b,8.3,2.12,5212.0,9.4897116,70.325104408,0,NASA
HR 8799 b,2000.0,13.0,,170000.0,134.520106796,0,NASA
HR 8799 c,3000.0,13.0,,69000.0,134.520106796,0,NASA
HR 8799 d,3000.0,13.0,,37000.0,134.520106796,0,NASA
HR 8799 e,3178.3,13.11453,7400.0,,134.520106796,0,NASA
Lupus-TR-3 b,257.431,9.976,5000.0,3.91405,2522.5198580399997,0,NASA
OGLE2-TR-L9 b,1430.175,18.046,6933.0,2.4855335,5308.6129028,0,NASA
OGLE-TR-10 b,197.046,14.011,5950.0,3.101278,4386.7003532,0,NASA
OGLE-TR-113 b,400.449,12.251,4790.0,1.4324752,1847.5400160399997,0,NASA
OGLE-TR-132 b,375.02,13.45,6210.0,1.689868,6564.2808872,0,NASA
OGLE-TR-182 b,320.995,12.666,5924.0,3.9791,8159.60773,0,NASA
OGLE-TR-211 b,327.351,15.244,6325.0,3.67724,4942.1114056,0,NASA
OGLE-TR-56 b,441.77,15.278,6050.0,1.2119189,,0,NASA
Qatar-1 b,411.27202,12.811887,5013.0,1.4200242,605.3944594,0,NASA
Qatar-2 b,792.635,14.056,4645.0,1.33711647,591.5621834399999,0,NASA
SWEEPS-4 b,1207.7,9.079,,4.2,,0,NASA
SWEEPS-11 b,3082.82,12.666,,1.796,,0,NASA
TrES-1 b,266.9772,12.66617,5230.0,3.03007,520.7341464799999,0,NASA
TrES-3 b,607.03,14.975,5650.0,1.30618581,754.5195057199999,0,NASA
TrES-4 b,247.9074,18.04649,6200.0,3.55395,1682.8997288,0,NASA
TrES-5 b,568.9157,13.383546,5171.0,1.48224686,1175.18246828,0,NASA
WASP-10 b,1001.12,12.106,4675.0,3.0927616,459.87343687999993,0,NASA
WASP-11 b,251.0857,12.44199,4800.0,3.72247,406.8143788,0,NASA
WASP-13 b,114.4188,13.67498,5950.0,4.35301,742.12557772,0,NASA
WASP-14 b,2809.6172,15.46842,6475.0,2.24375,528.36293532,0,NASA
WASP-15 b,171.6282,15.80469,6300.0,3.7521,920.05672196,0,NASA
WASP-16 b,394.1092,13.67498,5700.0,3.1186,633.17968904,0,NASA
WASP-17 b,247.9074,20.96083,6550.0,3.73543,1323.89329648,0,NASA
WASP-18 b,3241.8497514,13.89913607,6432.0,0.94145223,402.74721347999997,0,NASA
WASP-19 b,366.77398168,15.86070769,5616.0,0.78883852,875.1580869999999,0,NASA
WASP-1 b,271.415,16.623,,2.5199454,1282.0279123199998,0,NASA
WASP-21 b,95.345,11.99,,4.322482,842.87190456,0,NASA
WASP-22 b,212.9461,13.78707,6000.0,3.53269,1036.0410571199998,0,NASA
WASP-24 b,394.1092,15.46842,6075.0,2.34121,1050.5941378399998,0,NASA
WASP-25 b,179.25522155,13.80946422,5697.0,3.7648337,689.54596896,0,NASA
WASP-26 b,270.1555,13.56289,6034.0,2.7566,824.3886440399999,0,NASA
WASP-28 b,282.54945382,13.66374747,,3.40883495,1136.63409064,0,NASA
WASP-29 b,73.1009,8.63093,4800.0,3.92273,285.69732666799996,0,NASA
WASP-2 b,295.89973,12.116929,5180.0,2.152175,499.80797751999995,0,NASA
WASP-31 b,151.916,17.363,6302.0,3.4059096,1251.88131324,0,NASA
WASP-32 b,835.8929,10.76064,6140.0,2.71866,900.17099064,0,NASA
WASP-33 b,665.21819,17.855937,7430.0,1.21987,397.72767264,0,NASA
WASP-34 b,177.9848,11.209,5700.0,4.31768,430.83902975999996,0,NASA
WASP-35 b,225.6593,14.5717,5990.0,3.16158,659.5461400799999,0,NASA
WASP-36 b,750.39663,14.874343,5959.0,1.53736596,1260.0906597599999,0,NASA
WASP-37 b,572.07,13.002,5800.0,3.577469,1281.11141396,0,NASA
WASP-38 b,1093.3352,13.78707,6180.0,6.87188,444.3549344,0,NASA
WASP-39 b,89.31023,14.336311,5485.0,4.0552941,697.9151319199999,0,NASA
WASP-3 b,772.3269,15.91678,6400.0,1.84683,753.94547116,0,NASA
WASP-41 b,270.1555,12.3299,5545.0,3.0524,532.84431876,0,NASA
WASP-43 b,565.714,10.424,4400.0,0.813475,282.929566852,0,NASA
WASP-44 b,276.5121,12.3299,5420.0,2.423804,1188.87775872,0,NASA
WASP-45 b,306.38812,10.603714,5150.0,3.126089,688.82842576,0,NASA
WASP-46 b,607.0553,13.159366,5600.0,1.43036763,1224.0960836,0,NASA
WASP-48 b,254.264,16.8135,5920.0,2.14363,1481.21790464,0,NASA
WASP-4 b,381.3940884,15.12091496,,1.338230994,871.50840136,0,NASA
WASP-50 b,466.828704,13.069694,5400.0,1.9551,602.89284288,0,NASA
WASP-5 b,502.15,12.184,5700.0,1.6284279,1008.26887372,0,NASA
WASP-6 b,148.42586607,12.5428494,5438.0,3.3610026,642.9154456399999,0,NASA
WASP-7 b,305.1168,14.90797,6400.0,4.9546416,529.3609726799999,0,NASA
WASP-8 b,807.2882,12.66617,5600.0,8.15872,293.411894536,0,NASA
XO-1 b,263.7989,12.77826,5750.0,3.94153,533.4379226799999,0,NASA
XO-2 N b,179.89178,11.130537,,2.61586178,503.17064587999994,0,NASA
XO-3 b,4217.58296089,14.79585452,6970.0,3.19152309,694.88514268,0,NASA
XO-4 b,451.3186,14.01125,6397.0,4.12508,889.2806417999999,0,NASA
XO-5 b,378.2,12.78,5430.0,4.1877558,900.87874916,0,NASA
CoRoT-16 b,170.032,13.11,5650.0,5.35227,2388.79589804,0,NASA
HN Peg b,6991.57,11.7768,,,59.094901016,0,NASA
Ross 458 c,1906.98,14.01125,,,37.538598664,0,NASA
WASP-23 b,280.95,10.783,5150.0,2.9444256,676.7410844,0,NASA
KOI-55 b,0.44,0.759,27730.0,0.240104,4015.0455911999998,0,NASA
KOI-55 c,0.655,0.867,27730.0,0.342887,4015.0455911999998,0,NASA
HATS-1 b,589.55,14.594,5870.0,3.446459,926.1884547599999,0,NASA
WASP-78 b,352.7913,21.63337,6100.0,2.17518,2460.05772248,0,NASA
WASP-79 b,270.15414595,17.14974047,6600.0,3.662392,804.5942363999999,0,NASA
KELT-1 b,8654.15,12.442,6516.0,1.217514,875.5005507999999,0,NASA
KELT-2 A b,540.311,15.13215,6327.0,4.11379,437.23821047999996,0,NASA
Kepler-36 b,3.83,1.498,5979.0,13.86825,1721.96017136,1,NASA
GJ 3470 b,13.9,4.57,3600.0,3.3366496,95.95966138399999,0,NASA
HAT-P-39 b,190.372,17.609,6430.0,3.54387,2273.32036624,0,NASA
HAT-P-40 b,152.5584,17.03768,6080.0,4.45724,1514.8935116399998,0,NASA
HAT-P-41 b,378.2177,22.97845,6390.0,2.69405,1135.6262686,0,NASA
WASP-42 b,167.49641,12.576498,5315.0,4.9816819,578.24523396,0,NASA
WASP-47 b,374.0,12.86,,4.159151,863.5958567999999,0,NASA
WASP-49 b,117.5971,12.44199,5600.0,2.78174,634.54628268,0,NASA
WASP-55 b,186.2474465,14.72860064,6096.0,4.465631,970.1901607199999,0,NASA
WASP-61 b,851.7844,15.80469,6250.0,3.8559,1593.7939096,0,NASA
WASP-62 b,165.2716,14.79588,6230.0,4.41195,572.83104436,0,NASA
WASP-63 b,117.5971,15.80469,5550.0,4.37808,948.08330704,0,NASA
WASP-66 b,746.9005,15.6926,6600.0,4.08605,1631.62148248,0,NASA
WASP-67 b,136.6669,12.89035,5200.0,4.61442,617.96451164,0,NASA
HAT-P-38 b,84.857,9.247,5330.0,4.640382,832.36968136,0,NASA
Kepler-47 b,2.07,3.05,,49.4643,3343.1642312,0,NASA
Kepler-47 c,3.17,4.65,,303.227,3343.1642312,0,NASA
WTS-1 b,1274.44,16.7,6250.0,3.352057,7651.652375600001,0,NASA
WASP-54 b,187.5197,17.71022,6100.0,3.69364,819.63981268,0,NASA
WASP-56 b,143.0235,10.53646,5600.0,4.6171,1047.23473104,0,NASA
WASP-57 b,204.68252,11.76945,5600.0,2.83891856,1299.00107056,0,NASA
WASP-52 b,146.2,14.24,5000.0,1.7497798,570.17939608,0,NASA
WASP-58 b,308.2951,16.02887,5800.0,5.01718,947.17007024,0,NASA
WASP-59 b,274.276,8.687,4650.0,7.919585,378.13222016,0,NASA
WASP-60 b,174.8065,9.86392,5900.0,4.305,1405.90196112,0,NASA
WASP-64 b,403.945,14.247,5400.0,1.5732918,1206.53584456,0,NASA
WASP-72 b,731.009,14.45961,6250.0,2.21673,1417.9762562399999,0,NASA
WASP-80 b,170.99254,11.197791,4143.0,3.06785234,162.38524465599997,0,NASA
WASP-71 b,441.7837,13.22662,6050.0,2.90367,1183.0167353999998,0,NASA
PH1 b,169.0,6.18,6407.0,138.317,3369.7133296,0,NASA
KELT-3 b,616.5902,17.48604,6304.0,2.70339,685.74951312,0,NASA
Kepler-78 b,1.68,1.201,5058.0,0.35500745,405.65978656,1,NASA
HD 203030 b,3496.112477,14.4595851,,,128.017208468,0,NASA
POTS-1 b,734.16,10.548,4400.0,3.1606296,2439.5131560399996,0,NASA
HATS-2 b,435.42491759,12.57647635,,1.35413379,1115.208903,0,NASA
HATS-3 b,340.382,15.48,6351.0,3.547851,1341.18934916,0,NASA
WASP-65 b,492.62,12.464,5600.0,2.3114243,892.6987566799999,0,NASA
WASP-75 b,340.06,14.235,6100.0,2.484193,958.9019015599998,0,NASA
HAT-P-42 b,331.801,14.348,5743.0,4.641878,1321.7080512799998,0,NASA
WISEP J121756.91+162640.2 A b,6992.0,10.468,575.0,,,0,NASA
CoRoT-27 b,3302.11,11.287,5900.0,3.57532,3295.0888367999996,0,NASA
WASP-103 b,473.547,17.127,6110.0,0.925542,1225.19522932,0,NASA
KELT-6 b,165.2716,14.5717,6102.0,7.8457,785.14229256,0,NASA
Kepler-413 b,67.0,4.347,4700.0,66.262,2764.2895161599995,0,NASA
HAT-P-49 b,699.226,17.82231,6820.0,2.69155,1142.69080756,0,NASA
WTS-2 b,355.9696,15.277867,5000.0,1.0187068,,0,NASA
WASP-68 b,343.2564,14.79588,5910.0,5.0843,738.41392244,0,NASA
WASP-73 b,908.9938,15.91678,6030.0,4.08722,1032.86429768,0,NASA
WASP-88 b,133.4886,16.36514,6430.0,4.954,1708.2616193599997,0,NASA
WASP-95 b,457.6752,13.78707,5830.0,2.18467,448.60800864,0,NASA
WASP-96 b,152.55,13.45,5540.0,3.4252602,1149.58248384,0,NASA
WASP-97 b,432.2488,12.77826,5640.0,2.07276,492.71734608,0,NASA
WASP-98 b,293.03926,12.823096,5473.0,2.96264036,918.91843752,0,NASA
WASP-99 b,772.3269,11.43318,6150.0,5.75251,517.4791095999999,0,NASA
WASP-100 b,400.4658,14.90797,6900.0,2.84938,1188.5483411599998,0,NASA
WASP-101 b,162.0933,16.02887,6380.0,3.58572,656.30414944,0,NASA
CoRoT-25 b,85.81,12.11,6040.0,4.86069,3599.0662288,0,NASA
CoRoT-26 b,165.26,14.12,5590.0,4.20474,3408.9172808,0,NASA
HAT-P-44 b,111.871,13.922,5295.0,4.301219,1134.533646,0,NASA
HAT-P-45 b,283.492,15.984,6330.0,3.128992,974.0322783999999,0,NASA
HAT-P-46 b,156.684,14.392,6120.0,4.463129,948.25290816,0,NASA
GU Psc b,3591.3,14.179,,,155.087504156,0,NASA
HATS-5 b,75.323,10.223,5304.0,4.763387,803.5961990399999,0,NASA
CoRoT-24 b,5.7,3.7,4950.0,5.1134,1929.3921257999998,0,NASA
CoRoT-24 c,28.0,5.0,4950.0,11.759,1929.3921257999998,0,NASA
HATS-4 b,420.471,11.433,5403.0,2.516729,1358.30601604,0,NASA
CoRoT-22 b,12.2,4.88,5939.0,9.75598,2045.5134464799999,0,NASA
Kepler-412 b,299.07803,15.031269,5750.0,1.7208604,3542.8369344,0,NASA
WASP-117 b,95.349,11.88154,6040.0,10.02165,515.20580228,0,NASA
WASP-104 b,404.263,12.745,5475.0,1.7554137,606.4283739199999,0,NASA
WASP-106 b,613.40882551,12.10569916,6002.0,9.28969,1148.65946236,0,NASA
WASP-94 A b,158.915,17.71022,6170.0,3.95019,688.87734916,0,NASA
WASP-69 b,82.58,11.21,4792.0,3.86813881,162.94916838,0,NASA
WASP-70 A b,187.512,13.047,5763.0,3.7130203,725.2241737999999,0,NASA
WASP-84 b,220.0,10.72,,8.52349648,328.07379727999995,0,NASA
Kepler-289 d,5.33,3.03,5990.0,66.0282,2297.56680328,0,NASA
HIP 116454 b,9.7,2.469,5048.0,9.1004157,203.68148659599998,0,NASA
WASP-82 b,371.8611,18.15858,6480.0,2.70579,899.0946758399999,0,NASA
K2-3 b,5.11,2.078,3844.0,10.0546535,143.745755412,0,NASA
K2-3 c,2.68,1.582,3844.0,24.646729,143.745755412,0,NASA
K2-3 d,2.2,1.458,3844.0,44.55603,143.745755412,0,NASA
CoRoT-28 b,153.82972,10.704595,5150.0,5.20851,2498.95182548,0,NASA
CoRoT-29 b,270.1555,10.0881,5260.0,2.85057,2630.4709709199997,0,NASA
HAT-P-54 b,241.5508,10.581296,4390.0,3.799847,468.52635556,0,NASA
HD 100546 b,2701.5414595,77.3421,10500.0,,357.71811612,0,NASA
HATS-6 b,101.38777,11.186582,3724.0,3.3252725,552.2408160800001,0,NASA
VHS J125601.92-125723.9 b,5085.254512,13.67495645,,5800000.0,,0,NASA
2MASS J02192210-3925225 b,4417.837,16.14096,3064.0,,,0,NASA
HATS-10 b,167.17858,10.861521,5880.0,3.312846,1744.5725668399998,0,NASA
KELT-7 b,441.7837,17.9344,6768.0,2.73477,445.79328236000003,0,NASA
HAT-P-55 b,189.42573057,14.84069045,5804.0,3.5852313,1667.9226452799999,0,NASA
HATS-8 b,43.86054,9.785457,5679.0,3.583893,2591.7562537199997,0,NASA
WASP-74 b,228.8376,15.24424,5990.0,2.13775,486.67693696,0,NASA
WASP-83 b,95.349,11.65736,5510.0,4.971252,884.21870068,0,NASA
WASP-89 b,1875.197,11.65736,5130.0,3.3564227,948.93783576,0,NASA
K2-19 b,30.8,6.59,5350.0,7.922806,945.28815012,0,NASA
K2-19 c,11.12,3.88,5350.0,11.8977,945.28815012,0,NASA
K2-10 b,25.2,3.773,5533.0,19.30553,888.3184816,0,NASA
K2-12 b,5.2,2.44,5672.0,8.28246,1064.51121436,0,NASA
K2-18 b,8.92,2.37,3457.0,32.939623,124.026037496,0,NASA
HAT-P-56 b,734.1873,16.92559,6566.0,2.79083,1045.78333684,0,NASA
HD 219134 b,4.74,1.602,4699.0,3.092926,21.3021289812,0,NASA
HD 219134 c,4.36,1.511,4699.0,6.76458,21.3021289812,0,NASA
HD 219134 d,16.17,1.61,4699.0,46.859,21.3021289812,0,NASA
HATS-13 b,172.58169,13.585308,5523.0,3.0440499,1375.9053938,0,NASA
HATS-14 b,340.39593,11.646151,5346.0,2.7667641,1673.2161571599997,0,NASA
KELT-8 b,209.7678,18.15858,5754.0,3.24406,644.39293232,0,NASA
WASP-47 d,15.5,3.65,,9.030501,863.5958567999999,0,NASA
WASP-47 e,9.0,1.83,,0.78961,863.5958567999999,0,NASA
Kepler-453 b,16.0,6.204,5527.0,240.503,1444.36879976,0,NASA
HAT-P-57 b,448.1403,19.50366,6330.0,2.4653,912.7801816,0,NASA
GJ 1132 b,1.83704819,1.19151465,3229.0,1.62892911,41.138056279999994,0,NASA
HAT-P-50 b,429.0705,14.437192,6280.0,3.1220109,1681.1971944799998,0,NASA
HAT-P-51 b,97.57332095,13.50682174,5453.0,4.21802091,1435.3766788399998,0,NASA
HAT-P-52 b,259.98494,11.309881,5131.0,2.7535953,1177.9287017999998,0,NASA
HAT-P-53 b,471.65972,14.773462,5956.0,1.9616241,2174.81473112,0,NASA
HD 219134 f,7.3,1.31,4699.0,22.717,21.3021289812,0,NASA
WASP-135 b,603.877,14.5717,5675.0,1.4013794,972.6428538399999,0,NASA
K2-25 b,24.5,3.44,3207.0,3.48456408,146.62832214,0,NASA
WASP-76 b,284.13859586,20.78145022,6329.0,1.80988198,634.23969604,0,NASA
WASP-90 b,200.2329,18.27067,6430.0,3.916243,1521.29921548,0,NASA
KELT-4 A b,286.68266,19.044091,6206.0,2.9895932,711.183158,0,NASA
KELT-14 b,408.09372,19.537287,5720.0,1.7100566,815.78464876,0,NASA
KELT-15 b,416.3573,19.50366,6003.0,3.32944,1058.97308548,0,NASA
K2-29 b,232.0159,13.33871,5358.0,3.2588321,582.1069209999999,0,NASA
HATS-17 b,425.25654,8.709393,5846.0,16.254611,1305.70357636,0,NASA
K2-30 b,184.02357,11.646151,5425.0,4.098503,1086.23646552,0,NASA
KELT-10 b,215.80657,15.681391,5948.0,4.1662739,614.49095024,0,NASA
TRAPPIST-1 b,1.374,1.116,2566.0,1.510826,,0,NASA
TRAPPIST-1 c,1.308,1.097,2566.0,2.421937,,0,NASA
TRAPPIST-1 d,0.388,0.788,2566.0,4.049219,,0,NASA
WASP-119 b,390.9309,15.6926,5650.0,2.49979,986.4522988799998,0,NASA
WASP-124 b,190.698,13.89916,6050.0,3.37265,1463.25649372,0,NASA
WASP-129 b,317.83,10.42437,5900.0,5.748145,983.2364007199999,0,NASA
WASP-133 b,368.6828,13.56289,5700.0,2.176423,1823.4860110399998,0,NASA
Kepler-1647 b,483.0,11.8739,6210.0,1107.5923,3954.4784219999997,0,NASA
HATS-25 b,194.82979,14.12334,5715.0,4.2986432,1536.71008648,0,NASA
HATS-26 b,206.5895,19.61575,6071.0,3.3023881,2810.9526550799997,0,NASA
HATS-27 b,168.4499,16.8135,6438.0,4.637038,2664.65538128,0,NASA
HATS-28 b,213.58176,13.383546,5498.0,3.1810781,1746.1837774800001,0,NASA
HATS-29 b,207.54299,14.022459,5670.0,4.6058749,1154.23672996,0,NASA
HATS-30 b,224.38798,13.170575,5943.0,3.1743516,1115.9101383999998,0,NASA
WASP-121 b,371.85923619,19.52604438,6628.0,1.27492504,880.2885208800001,0,NASA
HATS-15 b,689.6911,12.385945,5311.0,1.74748753,3716.7106979999994,0,NASA
HATS-16 b,1039.3041,14.5717,5738.0,2.686502,2469.1444286399997,0,NASA
K2-38 b,7.3,1.54,5731.0,4.01593,628.4699963999999,0,NASA
K2-38 c,8.3,2.29,5731.0,10.56103,628.4699963999999,0,NASA
HIP 41378 b,6.89,2.595,6320.0,15.57208,346.66795084,0,NASA
HIP 41378 c,4.4,2.727,6320.0,31.70603,346.66795084,0,NASA
HIP 41378 d,4.6,3.54,6320.0,278.3618,346.66795084,0,NASA
HIP 41378 e,12.0,4.92,6320.0,369.0,346.66795084,0,NASA
HIP 41378 f,12.0,9.2,6320.0,542.07975,346.66795084,0,NASA
WASP-113 b,150.96925,15.793481,5890.0,4.54216874538,1419.2874033599999,0,NASA
WASP-114 b,562.24127,15.008851,5940.0,1.5487743,1706.89502572,0,NASA
BD+20 594 b,22.2481,2.57807,5766.0,41.6855,585.32281916,0,NASA
HD 3167 b,4.97,1.67,5261.0,0.959641,154.238846244,0,NASA
HD 3167 c,11.13,3.0,5261.0,29.8454,154.238846244,0,NASA
KELT-17 b,416.3573,17.093725,7454.0,3.0801716,738.74334,0,NASA
WASP-92 b,255.85315,16.376349,6280.0,2.1746742,1878.2965268399998,0,NASA
WASP-93 b,467.2101,17.900773,6700.0,2.7325321,1207.7034830399998,0,NASA
WASP-118 b,163.36462,16.14096,6410.0,4.0460435,1228.49266648,0,NASA
HAT-P-65 b,176.07693748,18.05766791,5872.0,2.60544751,2408.72402964,0,NASA
HAT-P-66 b,248.86089,17.82231,6002.0,2.972086,3051.0458713599996,0,NASA
HATS-18 b,629.144485,14.896761,5600.0,0.83784,2036.4136940800001,0,NASA
WASP-130 b,390.9309,9.97601,5625.0,11.55098,561.82327936,0,NASA
WASP-131 b,86.76715511,13.74221034,5990.0,5.3220125,652.556617,0,NASA
WASP-132 b,136.0305582,10.09929161,4686.0,7.1335164,400.87833959999995,0,NASA
WASP-139 b,37.18611,8.9672,5310.0,5.924262,692.9901763199999,0,NASA
WASP-141 b,854.9627,13.56289,5900.0,3.310651,1684.7359870799999,0,NASA
WASP-142 b,266.9772,17.14977,6010.0,2.052868,2383.98183548,0,NASA
HATS-31 b,279.6904,18.38276,6050.0,3.37796,2524.36263944,0,NASA
HATS-32 b,292.4036,14.000041,5700.0,2.8126548,2430.2405409599996,0,NASA
HATS-33 b,378.85336,13.78707,5659.0,2.5495551,810.3671975999999,0,NASA
HATS-34 b,299.07803,16.02887,5380.0,2.1061607,1659.6187135199998,0,NASA
Kepler-418 b,349.6112477,13.45,5820.0,86.67856,3269.8117467999996,0,NASA
HATS-35 b,388.38826,16.409976,6300.0,1.8209993,1678.2520057999998,0,NASA
WASP-127 b,52.346601,14.694999,,4.17806203,520.24165092,0,NASA
WASP-138 b,387.7526,12.21781,6272.0,3.634433,1351.0490450399998,0,NASA
XO-6 b,1398.452,23.20263,6720.0,3.7650007,768.02888724,0,NASA
EPIC 220674823 b,7.54,1.606,5578.0,0.57130782,797.7449604,0,NASA
EPIC 220674823 c,7.9,2.712,5578.0,13.340603,797.7449604,0,NASA
WASP-53 b,677.61356,12.038466,4953.0,3.3098443,656.6759672799999,0,NASA
WASP-81 b,231.69807,16.017661,5870.0,2.7164762,1299.7479678,0,NASA
KELT-16 b,874.0325,15.860735,6236.0,0.9689951,1450.04391416,0,NASA
TRAPPIST-1 e,0.692,0.92,2566.0,6.101013,,0,NASA
TRAPPIST-1 f,1.039,1.045,2566.0,9.20754,,0,NASA
TRAPPIST-1 g,1.321,1.129,2566.0,12.352446,,0,NASA
TRAPPIST-1 h,0.326,0.755,2566.0,18.772866,,0,NASA
HD 106315 b,12.6,2.44,6327.0,9.55237,356.66137067999995,0,NASA
HD 106315 c,15.2,4.35,6327.0,21.05704,356.66137067999995,0,NASA
HATS-22 b,870.8542,10.682177,4803.0,4.7228124,748.58672808,0,NASA
HATS-23 b,467.2101,20.84874,5780.0,2.1605156,2084.14988624,0,NASA
HATS-24 b,718.2958,15.636555,6125.0,1.3484978,1611.8042439199999,0,NASA
HAT-P-67 b,143.02278315,23.9872187,6640.0,4.8101069,1212.27619016,0,NASA
Qatar-3 b,1369.8473,12.285064,6007.0,2.5079204,2399.20679756,0,NASA
Qatar-4 b,1938.763,12.722215,5215.0,1.8053564,1073.17065616,0,NASA
Qatar-5 b,1373.0256,12.408363,5747.0,2.8792319,1199.13862648,0,NASA
LHS 1140 b,5.6,1.73,3096.0,24.73723,48.878064316,0,NASA
KELT-18 b,375.0394,17.59813,6670.0,2.8717518,1048.1871065599998,0,NASA
KELT-12 b,301.9385,19.95202,6279.0,5.031623,1200.3519267999998,0,NASA
KELT-11 b,65.15482343,15.13212395,5375.0,4.73620865,323.41498497599997,0,NASA
KELT-9 b,915.3504,21.196219,10170.0,1.4811235,666.8422498,0,NASA
HIP 65426 b,2860.47,16.8135,8840.0,,355.10234499999996,0,NASA
WASP-167 b,2542.64,17.71022,7000.0,2.0219596,1381.44026112,0,NASA
WASP-91 b,425.8922,11.54527,4920.0,2.798581,489.04482952,0,NASA
WASP-105 b,572.094,10.76064,5070.0,7.87288,552.0907843199999,0,NASA
CoRoT-32 b,47.6745,6.38913,5970.0,6.71837,1880.88620548,0,NASA
K2-131 b,7.9,1.69,5120.0,0.3693038,497.41725403999993,0,NASA
K2-132 b,155.7367,14.5717,4840.0,9.1751,1988.95799608,0,NASA
WASP-151 b,100.43377661,13.30506009,,4.5334775,1477.8095744399998,0,NASA
WASP-153 b,123.9537,17.37395,5914.0,3.332609,1990.12563456,0,NASA
WASP-156 b,41.8,6.02802815,4987.0,3.8361623,398.12558296,0,NASA
GJ 9827 b,4.28,1.44,4236.0,1.208974,96.74113116,1,NASA
GJ 9827 c,1.86,1.13,4236.0,3.648103,96.74113116,1,NASA
GJ 9827 d,3.02,1.98,4236.0,6.20183,96.74113116,0,NASA
KELT-20 b,1074.90106,19.514869,8720.0,3.4741085,444.96158455999995,0,NASA
NGTS-1 b,258.07796,14.90797,3916.0,2.647298,711.41472876,0,NASA
K2-136 b,4.3,1.014,4500.0,7.9752,193.23894994399998,1,NASA
K2-136 c,18.1,3.0,4500.0,17.30713,193.23894994399998,0,NASA
K2-136 d,3.0,1.565,4500.0,25.575,193.23894994399998,0,NASA
K2-140 b,295.58041851,13.56286665,5585.0,6.569188,1134.75217052,0,NASA
HATS-50 b,123.9537,12.66617,5990.0,3.8297015,2468.1594375199998,0,NASA
HATS-51 b,244.09344,15.80469,5758.0,3.3488702,1270.6059292,0,NASA
HATS-52 b,711.9392,15.490838,6010.0,1.36665436,1810.60284904,0,NASA
HATS-53 b,189.10885,15.02006,5644.0,3.8537768,1910.5240012,0,NASA
K2-138 b,3.1,1.51,5356.3,2.35309,660.7431326,0,NASA
K2-138 c,6.31,2.299,5356.3,3.56004,660.7431326,0,NASA
K2-138 d,7.92,2.39,5356.3,5.40479,660.7431326,0,NASA
K2-138 e,12.97,3.39,5356.3,8.26146,660.7431326,0,NASA
K2-138 f,1.63,2.904,5356.3,12.75758,660.7431326,0,NASA
KELT-19 A b,1293.5681,21.40919,7500.0,4.6117093,979.36819056,0,NASA
K2-141 b,4.97,1.51,4570.0,0.2803244,201.804458816,0,NASA
K2-141 c,8.0,7.0,4570.0,7.7485,201.804458816,0,NASA
KELT-21 b,1242.7153,17.777474,7598.0,3.6127647,1535.79684968,0,NASA
Kepler-1654 b,158.915,9.180171,5597.0,1047.8356,1852.9476825199997,0,NASA
K2-232 b,126.49634,11.209,6154.0,11.168454,426.35112319999996,0,NASA
HATS-39 b,200.2329,17.59813,6572.0,4.5776348,2865.3489527599995,0,NASA
HATS-40 b,505.3497,17.71022,6460.0,3.2642736,4377.9593724,0,NASA
HATS-41 b,3082.951,14.90797,6424.0,4.193649,2405.94844208,0,NASA
HATS-42 b,597.5204,15.6926,6060.0,2.292102,2610.47760812,0,NASA
KPS-1 b,346.4347,11.54527,5165.0,1.706291,856.83138136,0,NASA
K2-233 b,2.4,1.315,4796.0,2.467583,220.175521672,1,NASA
K2-233 c,4.6,1.272,4796.0,7.06024,220.175521672,1,NASA
K2-233 d,10.3,2.363,4796.0,24.3681,220.175521672,0,NASA
HATS-43 b,82.95363,13.22662,5099.0,4.3888497,1181.57512588,0,NASA
HATS-44 b,177.9848,11.960003,5080.0,2.7439004,1454.7699146,0,NASA
HATS-45 b,222.481,14.414774,6450.0,4.1876244,2518.2830916,0,NASA
HATS-46 b,54.98459,10.121727,5495.0,4.7423729,1480.12202048,0,NASA
HATS-7 b,38.1396,6.310667,4985.0,3.185315,785.08032292,0,NASA
NGTS-3 A b,756.4354,16.58932,5600.0,1.6753728,2426.50931632,0,NASA
HD 89345 b,34.9613,7.39794,5576.0,11.8143,431.65115819999994,0,NASA
K2-237 b,434.15360396,16.06246934,6180.0,2.18053332,1027.3750922,0,NASA
K2-238 b,273.3338,14.5717,5630.0,3.20466,1754.5986022799998,0,NASA
Kepler-128 b,3.79,1.421,6072.0,15.0,1292.81389124,0,NASA
K2-260 b,546.66486004,18.41635529,6860.0,2.62669762,2165.13442104,0,NASA
K2-261 b,68.96876432,9.26982704,5490.0,11.6334681,695.63530148,0,NASA
WASP-174 b,104.88337431,16.10730527,6399.0,4.2337005,1337.72557244,0,NASA
Wolf 503 b,6.26,2.043,4716.0,6.00127,145.22422056,0,NASA
NGTS-2 b,235.1942,17.878355,6478.0,4.511164,1162.39062996,0,NASA
EPIC 246851721 b,953.49,11.780659,6202.0,6.180235,1215.36162592,0,NASA
K2-266 b,11.26782377,3.3,4285.0,0.658524,252.96202741599998,0,NASA
K2-266 c,0.29013072,0.705,4285.0,7.814,252.96202741599998,0,NASA
K2-266 d,8.9,2.93,4285.0,14.697,252.96202741599998,0,NASA
K2-266 e,14.3,2.73,4285.0,19.482,252.96202741599998,0,NASA
WASP-144 b,139.8452,9.52765,5200.0,2.2783152,1159.5269802799999,0,NASA
WASP-145 A b,282.8687,10.0881,4900.0,1.7690381,297.77716644000003,0,NASA
WASP-158 b,886.7457,11.99363,6350.0,3.656333,1712.29616908,0,NASA
WASP-159 b,174.8065,15.46842,6120.0,3.840401,2333.26457748,0,NASA
WASP-162 b,1652.716,11.209,5300.0,9.62468,1013.8265719599999,0,NASA
WASP-168 b,133.4886,16.8135,6000.0,4.153658,991.3218079599999,0,NASA
WASP-172 b,149.3801,17.59813,6900.0,5.477433,1755.0780516,0,NASA
WASP-173 A b,1172.7927,13.4508,5800.0,1.38665318,759.8782487999999,0,NASA
WASP-147 b,87.40325,12.498035,5702.0,4.60273,1422.35979288,0,NASA
WASP-160 B b,88.35674,12.21781,5298.0,3.7684952,940.39254856,0,NASA
WASP-164 b,676.9779,12.643752,5806.0,1.7771255,1068.1804693599997,0,NASA
WASP-165 b,209.13214,14.12334,5599.0,3.465509,1964.2288481599999,0,NASA
HATS-59 b,256.17098,12.621334,5670.0,5.416081,2096.8047390399997,0,NASA
LHS 1140 c,1.91,1.272,3096.0,3.77794,48.878064316,0,NASA
CoRoT-21 b,718.2958,14.5717,6200.0,2.72474,,0,NASA
WASP-161 b,791.3967,12.811887,6400.0,5.4060425,1118.9760047999998,0,NASA
WASP-163 b,594.3421,13.473218,5500.0,1.6096884,852.52612216,0,NASA
WASP-170 b,508.528,12.285064,5600.0,2.34478022,996.74252068,0,NASA
K2-285 b,9.68,2.59,4975.0,3.471745,505.41459916,0,NASA
K2-285 c,15.68,3.53,4975.0,7.138048,505.41459916,0,NASA
K2-285 d,6.5,2.48,4975.0,10.45582,505.41459916,0,NASA
K2-285 e,10.7,1.95,4975.0,14.76289,505.41459916,0,NASA
K2-287 b,100.11645,9.494023,5695.0,14.893291,516.4191026,0,NASA
HATS-60 b,210.40346,12.923977,5688.0,3.560829,1586.6641394399999,0,NASA
HATS-61 b,1080.622,13.394755,5542.0,7.817953,2217.0812871599996,0,NASA
HATS-62 b,56.89157,11.825495,5416.0,3.2768837,1706.01440452,0,NASA
HATS-63 b,305.1168,13.529263,5627.0,3.0566527,2032.7085619199997,0,NASA
HATS-64 b,305.1168,18.819911,6554.0,4.908897,3522.974034,0,NASA
HATS-65 b,260.93843,16.824709,6277.0,3.105161,1608.9927791999999,0,NASA
HATS-66 b,1694.0339,15.815899,6626.0,3.1414391,4820.5204488,0,NASA
HATS-67 b,460.8535,18.887165,6594.0,1.6091788,3131.45311004,0,NASA
HATS-68 b,410.0007,13.809488,6147.0,3.5862202,1969.8354698,0,NASA
HATS-69 b,183.38791,10.592505,5137.0,2.2252577,1352.0372977199997,0,NASA
K2-290 b,10.9,3.06,6302.0,9.21165,890.1090780399999,0,NASA
K2-290 c,246.00042,11.276254,6302.0,48.36685,890.1090780399999,0,NASA
K2-291 b,6.49,1.589,5520.0,2.225177,293.723699672,0,NASA
LHS 3844 b,2.37,1.286,3080.0,0.462929709,48.547015976,0,NASA
HD 202772 A b,323.23311,17.317905,6272.0,3.308958,526.7354168799999,0,NASA
K2-292 b,24.5,2.63,5725.0,16.9841,372.77347708,0,NASA
HATS-70 b,4100.007,15.513256,7930.0,1.8882378,4758.061574799999,0,NASA
GJ 143 b,22.7,2.61,4640.0,35.61253,53.228659199999996,0,NASA
HD 23472 b,8.32,2.0,4684.0,17.667087,127.31205919599999,0,NASA
HD 23472 c,3.41,1.87,4684.0,29.79749,127.31205919599999,0,NASA
HD 219666 b,17.6,4.898,5540.0,6.034468,307.14730216399994,0,NASA
HD 1397 b,131.89945,11.500434,5521.0,11.53533,259.522981512,0,NASA
WASP-190 b,317.83,12.89035,6400.0,5.367753,1768.5841715599997,0,NASA
PDS 70 b,1017.0509024,21.96960217,4109.0,,368.76501984,0,NASA
Qatar-7 b,597.5204,19.0553,6387.0,2.032046,2302.5993903599997,0,NASA
TOI-172 b,1722.6386,10.816685,5645.0,9.47725,1118.16387636,0,NASA
HD 221416 b,60.5,9.17,5080.0,14.2767,311.636513348,0,NASA
WASP-177 b,161.45764,17.71022,5017.0,3.071722,576.70251608,0,NASA
WASP-181 b,95.03117,13.271456,5839.0,4.5195064,1426.9161921999998,0,NASA
WASP-183 b,159.55066,16.47723,5313.0,4.1117771,1061.23660812,0,NASA
Kepler-47 d,19.02,7.04,,187.366,3343.1642312,0,NASA
HD 21749 c,3.7,0.892,4640.0,7.78993,53.228659199999996,1,NASA
Qatar-8 b,117.91493,14.403565,5738.0,3.71495,918.1226168799999,0,NASA
Qatar-9 b,378.2177,11.309881,4309.0,1.540731,697.2269427599999,0,NASA
Qatar-10 b,233.92288,17.295487,6124.0,1.645321,1823.4338260799998,0,NASA
TOI-216.02,18.75187601,8.0,,17.16073,580.3782941999999,0,NASA
TOI-216.01,177.98390792,10.1,,34.525528,580.3782941999999,0,NASA
NGTS-5 b,72.78307,12.733424,4987.0,3.3569866,1000.5781152399999,0,NASA
HD 15337 b,6.519,1.77,5131.0,4.7559804,146.16844218,0,NASA
HD 15337 c,6.792,2.526,5131.0,17.180546,146.16844218,0,NASA
NGTS-4 b,20.6,3.18,5143.0,1.3373508,915.0469658,0,NASA
K2-32 e,2.1,1.212,5271.0,4.34934,514.28930392,1,NASA
Kepler-407 b,1.93,1.19,5487.0,0.6693124,1103.6075340799998,1,NASA
L 98-59 b,0.46,0.837,3415.0,2.253114,34.635810264,0,NASA
L 98-59 c,2.0,1.329,3415.0,3.6906764,34.635810264,0,NASA
L 98-59 d,1.64,1.627,3415.0,7.450729,34.635810264,0,NASA
PDS 70 c,2383.7130525,22.19378179,4109.0,,368.76501984,0,NASA
HD 2685 b,371.8611,16.14096,6801.0,4.12688,642.04460912,0,NASA
TOI-150.01,797.7533,14.067295,6255.0,5.857487,1096.7549965199998,0,NASA
KELT-23 A b,298.12454,14.829507,5899.0,2.255251,411.80782716,0,NASA
V1298 Tau b,13.1,9.41,4970.0,24.140006,352.89753043999997,0,NASA
WASP-87 b,692.8694,15.524465,6450.0,1.682795,973.2234115199999,0,NASA
EPIC 248847494 b,4131.79,12.44199,4898.0,3650.0,1800.0093021599998,0,NASA
WASP-166 b,32.10083,7.06167,6050.0,5.44354,372.38208987999997,0,NASA
Kepler-849 b,298.75870258,8.08167508,5950.0,394.62508,2681.4393690399997,0,NASA
HR 858 b,3.55,2.004,6354.0,3.585287,104.25250383999999,0,NASA
HR 858 c,3.8,1.979,6354.0,5.973865,104.25250383999999,0,NASA
HR 858 d,7.1,2.001,6354.0,11.230511,104.25250383999999,0,NASA
TOI-270 b,1.48,1.28,3506.0,3.35992,73.317585708,0,NASA
TOI-270 c,6.2,2.33,3506.0,5.66051,73.317585708,0,NASA
TOI-270 d,4.2,2.0,3506.0,11.38194,73.317585708,0,NASA
LTT 1445 A b,2.73,1.34,,5.3587635,22.4046014924,0,NASA
K2-146 c,7.49,2.19,3385.0,4.00498,258.642360312,0,NASA
HAT-P-69 b,1137.8314,18.786284,7394.0,4.7869491,1113.04975028,0,NASA
HAT-P-70 b,2154.8874,20.96083,8450.0,2.74432452,1078.72509284,0,NASA
HATS-54 b,239.32479047,11.37711541,5621.0,2.5441765,2441.5548926,0,NASA
HATS-55 b,292.72143,14.022459,6214.0,4.2042001,1989.0232272799997,0,NASA
HATS-56 b,191.33366,18.920792,6536.0,4.324799,1840.8538180399999,0,NASA
HATS-57 b,1000.21101,12.767051,5587.0,2.350621,911.5570966,0,NASA
HATS-58 A b,327.3649,12.273855,7175.0,4.2180896,1316.33626196,0,NASA
WASP-169 b,178.30263,14.616536,6110.0,5.6114118,2045.21338296,0,NASA
WASP-171 b,344.52772,10.98482,5965.0,3.8186244,2471.7406304,0,NASA
WASP-175 b,314.6517,13.540472,6229.0,3.0652907,1759.1550015999999,0,NASA
WASP-182 b,47.03884,9.52765,5638.0,3.3769848,1068.4935791199998,0,NASA
KELT-24 b,1458.83238813,12.71098411,6426.0,5.55149296,314.796964988,0,NASA
NGTS-6 b,425.57437,14.863134,4730.0,0.882059,1005.41500872,0,NASA
WASP-180 A b,286.047,13.89916,6600.0,3.409264,828.3873166,0,NASA
WASP-178 b,527.5978,20.28829,9360.0,3.3448285,1394.89745768,0,NASA
WASP-184 b,181.1631,14.90797,6000.0,5.1817,2163.16770036,0,NASA
WASP-185 b,311.4734,14.01125,5900.0,9.38755,911.116786,0,NASA
WASP-192 b,731.009,13.78707,5910.0,2.8786765,1659.7589606,0,NASA
V1298 Tau c,4.7,5.08,4970.0,8.249164,352.89753043999997,0,NASA
V1298 Tau d,6.0,6.53,4970.0,12.401394,352.89753043999997,0,NASA
V1298 Tau e,15.3,10.17,4970.0,48.677714,352.89753043999997,0,NASA
LP 791-18 c,7.16,2.488,2960.0,4.98991,86.40753061199999,0,NASA
TOI-163 b,387.7526,16.690201,6495.0,4.231306,1342.8462216399998,0,NASA
TOI-125 b,9.5,2.726,5320.0,4.65382,362.22559204,0,NASA
TOI-125 c,6.63,2.759,5320.0,9.15059,362.22559204,0,NASA
NGTS-8 b,295.5819,12.21781,5241.0,2.4997,1399.13096256,0,NASA
NGTS-9 b,921.707,11.99363,6330.0,4.43527,1986.70751968,0,NASA
Qatar-6 b,212.31044,11.903958,5052.0,3.506195,328.92180288,0,NASA
HD 213885 b,8.83,1.745,5978.0,1.008035,156.84287574799998,0,NASA
XO-7 b,225.34147,15.389957,6250.0,2.8641424,763.69101244,0,NASA
GJ 1252 b,1.32,1.193,3458.0,0.5182331,66.44776188,0,NASA
EPIC 249893012 b,8.75,1.95,5430.0,3.5951,1047.92618176,0,NASA
EPIC 249893012 c,14.67,3.67,5430.0,15.624,1047.92618176,0,NASA
EPIC 249893012 d,10.18,3.94,5430.0,35.747,1047.92618176,0,NASA
L 168-9 b,4.07,1.63,3842.0,1.40152604,82.026929376,0,NASA
TOI-125 d,13.6,2.93,5320.0,19.98,362.22559204,0,NASA
Kepler-1661 b,17.0,3.87,5100.0,175.06,1339.21936692,0,NASA
TOI-132 b,22.4,3.42,5397.0,2.1097019,533.8456176799999,0,NASA
Kepler-95 b,13.0,3.42,5699.0,11.5231,1453.53378336,0,NASA
HATS-47 b,117.27927,12.520453,4512.0,3.9228038,980.6532452,0,NASA
HATS-48 A b,77.23269,8.9672,4546.0,3.1316666,859.7765700399999,0,NASA
HATS-49 b,112.19399,8.574885,4405.0,4.1480467,1058.09246428,0,NASA
HATS-72 b,39.855882,8.0973816,4656.1,7.3279474,416.13917883999994,0,NASA
NGTS-10 b,687.14846,13.506845,4600.0,0.7668944,,0,NASA
MASCARA-4 b,532.36258173,16.98160576,7800.0,2.8240932,556.73524576,0,NASA
LHS 1815 b,1.58,1.088,3643.0,3.814334,97.332778144,0,NASA
TOI-1130 b,19.8,3.66,4360.0,4.074554,190.021421004,0,NASA
TOI-1130 c,336.0,13.0,4360.0,8.3501898,190.021421004,0,NASA
CoRoT-30 b,921.707,11.309881,5650.0,9.06005,3366.6800788,0,NASA
CoRoT-31 b,266.9772,16.36514,5700.0,4.62941,6541.9065856,0,NASA
TOI-677 b,392.20025424,13.11450742,6295.0,11.2365985,462.52834672,0,NASA
WASP-150 b,2688.8418,11.99363,6218.0,5.644207,1722.0873722,0,NASA
WASP-176 b,271.74465,16.869545,5941.0,3.899052,1853.9359351999997,0,NASA
HD 332231 b,74.1,9.07303305,6128.0,18.712024,263.09862974,0,NASA
LTT 3780 b,2.46,1.325,3358.0,0.76837931,71.69365498399999,0,NASA
LTT 3780 c,8.04,2.39,3358.0,12.252284,71.69365498399999,0,NASA
TOI-1235 b,6.69,1.69,3997.0,3.444714,129.27029982,0,NASA
TOI-1338 b,11.3,7.661,,95.4001,1301.41788652,0,NASA
AU Mic b,8.99,4.79,3540.0,8.463446,31.709212475999994,0,NASA
WASP-148 b,91.21675281,8.47398941,5555.0,8.803809,803.49509068,0,NASA
TOI-1728 b,26.78,5.05,3980.0,3.49151,198.29632488,0,NASA
NGTS-11 b,109.33352,9.157753,5050.0,35.45533,621.07277832,0,NASA
TOI-849 b,41.8,3.64,5257.0,0.765548,736.24498504,0,NASA
Wendelstein-1 b,188.15536,11.5609626,4251.0,2.663416,995.754268,0,NASA
Wendelstein-2 b,232.33373,12.9934728,4591.0,1.7522239,1844.54590396,0,NASA
HD 191939 b,10.0,3.41,5348.0,8.8803256,174.84864388399998,0,NASA
HD 191939 c,8.0,3.195,5348.0,28.579743,174.84864388399998,0,NASA
HD 191939 d,2.8,2.995,5348.0,38.353037,174.84864388399998,0,NASA
TYC 8998-760-1 c,1906.98,12.3299,,,308.601305612,0,NASA
TOI-1899 b,212.94503269,11.09689089,3926.0,29.090312,418.9082432799999,0,NASA
HIP 65 A b,1021.18779,22.75427,4590.0,0.9809734,201.517441536,0,NASA
TOI-157 b,375.0394,14.414774,5404.0,2.0845435,1160.08144548,0,NASA
TOI-169 b,251.40353,12.172974,5880.0,2.2554477,1330.1946303999998,0,NASA
HATS-37 A b,31.46517,6.792654,5326.0,4.3315366,691.1115177599999,0,NASA
HATS-38 b,23.51942,6.882326,5732.0,4.375021,1120.427399,0,NASA
HD 86226 c,7.25,2.16,5863.0,3.98442,148.99784548,0,NASA
WD 1856+534 b,4386.054,10.4,4710.0,1.4079405,80.677622004,0,NASA
LTT 9779 b,29.32,4.72,5443.0,0.792052,262.35108018799997,0,NASA
HD 63433 b,21.755,2.14,5553.0,7.1079475,73.07035946,0,NASA
HD 63433 c,15.539,2.692,5553.0,20.5438281,73.07035946,0,NASA
TOI-763 b,9.79,2.28,5450.0,5.6057,310.26372274399995,0,NASA
Kepler-77 b,136.661,10.761,5520.0,3.57878087,2085.4773411599995,0,NASA
TOI-763 c,9.32,2.63,5450.0,12.2737,310.26372274399995,0,NASA
HATS-71 b,117.5971,11.478016,3405.0,3.7955202,457.35225099999997,0,NASA
TOI-824 b,18.467,2.926,4600.0,1.392978,208.49913687199998,0,NASA
TOI-1266 b,4.46,2.52,3563.0,10.8945,117.454646408,0,NASA
TOI-1266 c,3.17,1.98,3563.0,18.8027,117.454646408,0,NASA
TOI-421 b,6.7,2.64,5291.0,5.197576,243.95457716399997,0,NASA
TOI-421 c,14.1,5.09,5291.0,16.067541,243.95457716399997,0,NASA
NGTS-12 b,66.10864,11.747032,5690.0,7.532806,1456.09736952,0,NASA
GJ 3473 b,1.86,1.264,3347.0,1.1980035,89.25063246399999,0,NASA
TOI-837 b,120.45696625,9.16894621,5995.0,8.3249113,464.73316128,0,NASA
TOI-954 b,55.30242,9.550068,5710.0,3.6849729,778.75615808,0,NASA
K2-329 b,82.6358,8.675766,5282.0,12.4551225,760.71646972,0,NASA
TOI-481 b,486.2799,11.09691,5735.0,10.33111,585.01297096,0,NASA
TOI-892 b,301.9385,11.99363,6261.0,10.62656,1110.70142708,0,NASA
TIC 237913194 b,617.22586,12.520453,5788.0,15.168865,998.2428382799999,0,NASA
WASP-186 b,1341.2426,12.44199,6361.0,5.026799,908.39012184,0,NASA
WASP-187 b,254.264,18.38276,6150.0,5.147878,1211.3890458399999,0,NASA
LP 714-47 b,30.8,4.7,3950.0,4.052037,171.61024096,0,NASA
TOI-251 b,317.83,2.74,5875.0,4.93777,324.60023587999996,0,NASA
HAT-P-68 b,230.10892,12.016048,4508.0,2.29840551,659.33087712,0,NASA
TOI-776 b,5.0,1.798,3725.0,8.24662,88.616911356,0,NASA
TOI-776 c,6.9,2.047,3725.0,15.665323,88.616911356,0,NASA
TOI-561 b,2.02,1.397,,0.4465697,279.83858644000003,0,NASA
TOI-561 c,5.93,2.865,,10.778838,279.83858644000003,0,NASA
TOI-561 d,13.33,2.615,,25.71268,279.83858644000003,0,NASA
TOI-561 e,12.4,2.517,,77.144,279.83858644000003,0,NASA
TOI-564 b,464.98529,11.43318,5640.0,1.651144,650.9454063599999,0,NASA
TOI-905 b,211.99261,13.125739,5570.0,3.739494,517.44323244,0,NASA
TOI-451 b,4.7,1.84,5490.0,1.8587033,403.58217284,0,NASA
TOI-451 c,3.7,2.93,5490.0,9.192463,403.58217284,0,NASA
TOI-451 d,10.2,3.93,5490.0,16.364962,403.58217284,0,NASA
NGTS-13 b,1538.2972,12.800678,5819.0,4.119027,2112.1699482,0,NASA
HD 110113 b,4.55,2.05,5732.0,2.541,346.72665892,0,NASA
TOI-178 b,0.96,1.2,4316.0,1.9145601,204.49655044,1,NASA
TOI-178 c,4.64,1.754,4316.0,3.238486,204.49655044,0,NASA
TOI-178 d,5.2,2.695,4316.0,6.557569,204.49655044,0,NASA
TOI-178 e,3.48,2.301,4316.0,9.96318,204.49655044,0,NASA
TOI-178 f,5.63,2.417,4316.0,15.23335,204.49655044,0,NASA
TOI-178 g,4.4,2.939,4316.0,20.71663,204.49655044,0,NASA
HD 183579 b,20.4,3.49,5784.0,17.471291,186.77355955599998,0,NASA
NGTS-14 A b,29.24036,4.976796,5187.0,3.5357173,1050.70503088,0,NASA
K2-138 g,4.32,3.013,5356.3,41.96797,660.7431326,0,NASA
TOI-628 b,2011.8639,11.88154,6250.0,3.4095675,582.7755407999999,0,NASA
TOI-640 b,181.16219199,19.2794468,6460.0,5.003777,1115.44373532,0,NASA
TOI-1333 b,753.2571,15.647764,6274.0,4.720219,653.91668752,0,NASA
TOI-1478 b,279.68899816,11.99360935,,10.1802117,498.66643151999995,0,NASA
TOI-1601 b,387.0,14.19902343,5982.0,5.33175,1097.8671884799999,0,NASA
GJ 486 b,2.77,1.289,3317.0,1.46712127,26.3346834456,0,NASA
GJ 414 A b,7.6,2.63,4120.0,50.8,38.777665307999996,0,NASA
GJ 414 A c,53.83,8.4,4120.0,749.83,38.777665307999996,0,NASA
TOI-201 b,184.34047606,11.82547464,,52.977946,371.24706699999996,0,NASA
TOI-519 b,147.15455244,11.54525012,3322.0,1.2652328,376.89608892,0,NASA
NGTS-15 b,238.68913366,12.32987877,5600.0,3.27623,2565.1680166,0,NASA
NGTS-16 b,211.99154747,14.57167491,5550.0,4.84532,2929.42882208,0,NASA
NGTS-17 b,242.82090295,13.89913607,5650.0,3.24253,3392.9356368,0,NASA
NGTS-18 b,129.99181846,13.56286665,5610.0,3.05125,3575.2894564,0,NASA
LHS 1478 b,2.33,1.242,3381.0,1.9495378,59.45041105599999,0,NASA
TOI-257 b,43.86032017,7.16253867,6095.0,18.38818,250.823096368,0,NASA
HD 5278 b,7.8,2.45,6203.0,14.339156,187.815627976,0,NASA
Kepler-106 c,10.44,2.5,5858.0,13.5708,1449.18286232,0,NASA
TOI-269 b,8.8,2.77,3514.0,3.6977104,185.9823051,0,NASA
CFHTWIR-Oph 98 b,2479.0615746,20.8487041,2320.0,8040000.0,,0,NASA
TOI-220 b,13.8,3.03,5298.0,10.695264,295.954606712,0,NASA
TOI-1444 b,3.58,1.41792246,5460.0,0.4702743,409.20510227999995,1,NASA
TOI-1231 b,15.4,3.65,3553.0,24.245586,90.09309341199999,0,NASA
HD 152843 b,9.82,3.05,6310.0,11.62071,351.91580087999995,0,NASA
HD 152843 c,9.67,5.94,6310.0,19.502104,351.91580087999995,0,NASA
WASP-110 b,154.78243421,13.19297028,5392.0,3.7784022,896.7985375999999,0,NASA
TOI-674 b,23.6,5.25,3514.0,1.977143,150.30931875599998,0,NASA
TOI-1685 b,3.07,1.421,3470.0,0.66913923,122.68455786799998,0,NASA
TOI-1260 b,8.56,2.41,4227.0,3.127463,240.043314412,0,NASA
TOI-1260 c,13.2,2.76,4227.0,7.493134,240.043314412,0,NASA
TOI-1634 b,4.9,1.759,3550.0,0.98934551,115.046962816,0,NASA
TOI-1259 A b,140.16232749,11.45557828,4775.0,3.477978,385.20980535999996,0,NASA
TOI-1807 b,2.44,1.49681583,4914.0,0.54937097,138.8690709,1,NASA
TOI-2076 b,6.7,2.59,,10.35504,136.689044196,0,NASA
TOI-2076 c,7.2,3.54,,21.01447,136.689044196,0,NASA
TOI-2076 d,7.3,3.27,,35.12803,136.689044196,0,NASA
HAT-P-58 b,118.2321674,14.93036229,6078.0,4.0138379,1681.6277204,0,NASA
HAT-P-59 b,489.45574678,12.58768533,5678.0,4.1419771,865.84959476,0,NASA
HAT-P-60 b,182.43350562,18.28184752,6212.0,4.7947813,760.6610231999999,0,NASA
HAT-P-61 b,335.9446262,10.07687365,5587.0,1.90231289,1105.1469903999998,0,NASA
HAT-P-62 b,241.86741773,12.02723629,5629.0,2.6453235,1137.6810514,0,NASA
HAT-P-63 b,195.1466419,12.5428494,5400.0,3.377728,1315.90247448,0,NASA
HAT-P-64 b,184.34047606,19.08889413,6457.0,4.007232,2126.20117932,0,NASA
TOI-1749 b,57.0,1.39,3985.0,2.38839,324.708193516,0,NASA
TOI-1749 c,14.0,2.12,3985.0,4.4929,324.708193516,0,NASA
TOI-1749 d,15.0,2.52,3985.0,9.0497,324.708193516,0,NASA
TOI-1062 b,10.15,2.265,5328.0,4.11296,268.01314834799996,0,NASA
TOI-1278 b,5879.8255295,12.21778896,3799.0,14.47567,246.495332404,0,NASA
AU Mic c,14.46,2.79,3540.0,18.859023,31.709212475999994,0,NASA
TOI-2406 b,15.6,2.86,3100.0,3.0766891,180.75239363999998,0,NASA
TOI-532 b,61.5,5.82,3927.0,2.3266508,440.46389331999995,0,NASA
TOI-431 b,3.07,1.28,4850.0,0.490047,106.22444301600001,1,NASA
TOI-431 d,9.9,3.29,4850.0,12.46103,106.22444301600001,0,NASA
COCONUTS-2 b,2542.627256,12.44196858,3406.0,,35.506646784,0,NASA
TOI-2202 b,287.31687993,10.95117414,5169.0,11.9126075,769.5096354799999,0,NASA
TOI-1518 b,581.62598481,21.05046575,7299.0,1.90261131,736.74726528,0,NASA
TIC 172900988 b,942.0,11.25,6050.0,200.452,818.50805136,0,NASA
TOI-1201 b,6.28,2.415,3476.0,2.4919863,123.57104987599998,0,NASA
GPX-1 b,6261.2196179,16.47720163,7000.0,1.744579,2136.3642002799997,0,NASA
TOI-558 b,1147.36054927,12.17295304,6466.0,14.574071,1313.2019028,0,NASA
TOI-559 b,1910.14872607,12.22899794,5925.0,6.9839095,760.81105496,0,NASA
TIC 257060897 b,201.50321004,17.26183028,5993.0,3.66003639,1649.3806766799999,0,NASA
TOI-1431 b,991.62462984,16.70138124,7690.0,2.650237,485.727823,0,NASA
TOI-530 b,127.1313628,9.30345398,3659.0,6.387597,485.19618871999995,0,NASA
TOI-1789 b,222.4798849,16.14093221,5991.0,3.208664,747.11576452,0,NASA
TOI-1296 b,95.3,14.11645916,5567.0,3.9443736,1054.3481934,0,NASA
TOI-1298 b,99.0,9.65807033,5752.0,4.537143,1040.55505616,0,NASA
HD 63935 b,10.5,2.91575244,5513.0,9.058807,159.73131328399998,0,NASA
HD 63935 c,11.1,3.06451296,5513.0,21.4027,159.73131328399998,0,NASA
TOI-3362 b,1598.3590588,12.80065596,6532.0,18.09547,1196.95011972,0,NASA
HIP 97166 b,19.1,2.4801338,5216.0,10.288914,215.100208156,0,NASA
HD 207897 b,14.8,2.34302132,5106.0,16.20166,92.281926328,0,NASA
HD 137496 b,4.04,1.31,5799.0,1.62116,506.57571452,1,NASA
Kepler-58 b,35.5,2.78,5843.0,10.2184954,3161.2735531199996,0,NASA
GJ 367 b,0.633,0.699,3522.0,0.3219225,30.699857502799997,0,NASA
TOI-2109 b,1595.49860314,15.098497,6540.0,0.67247414,854.6624439599999,0,NASA
TOI-1842 b,89.4,12.3485023,6039.0,9.5739181,728.8445054,0,NASA
HATS-74 A b,464.02947422,11.56766808,3776.9,1.73185606,976.47518684,0,NASA
HATS-75 b,156.05374784,9.90873894,3790.4,2.7886556,635.8867838399999,0,NASA
HATS-76 b,835.570882,12.09449018,4016.0,1.9416423,1257.94781484,0,NASA
HATS-77 b,436.69623122,13.05846252,4071.0,3.0876262,1422.6141945599998,0,NASA
Kepler-1708 b,1462.0106722,9.96,6157.0,737.1131,5436.0094364,0,NASA
Kepler-1705 c,5.42,2.05,6312.0,11.28,5327.7256443999995,0,NASA
BD+60 1417 b,4767.426105,14.68376472,4993.0,,146.621146708,0,NASA
TOI-2180 b,875.61726129,11.32107051,5695.0,260.79,380.57512859999997,0,NASA
LTT 1445 A c,1.54,1.147,3340.0,3.1239035,22.4046014924,0,NASA
TOI-1064 b,13.5,2.587,4734.0,6.443868,222.02286925599998,0,NASA
TOI-1064 c,2.5,2.651,4734.0,12.226574,222.02286925599998,0,NASA
TOI-2184 b,206.58846455,11.39953337,5966.0,6.90683,2571.1431945199997,0,NASA
TOI-1268 b,96.4,9.1,5300.0,8.1577094,357.32672892,0,NASA
TOI-2337 b,508.5254512,10.08808263,4780.0,2.99432,1748.34619176,0,NASA
TOI-4329 b,143.02278315,16.81347105,6000.0,2.9223,2338.95599968,0,NASA
TOI-2669 b,193.87532827,19.72780603,4800.0,6.2034,1283.23795108,0,NASA
TOI-500 b,1.42,1.166,4440.0,0.548177,154.573156144,1,NASA
TOI-544 b,2.89,2.018,4169.0,1.548352,134.10425789599998,0,NASA
TOI-1075 b,9.95,1.791,3875.0,0.6047328,200.452868352,0,NASA
TOI-1411 b,2.0,1.19880592,4115.0,1.4520527,105.928293368,1,NASA
GJ 3929 b,1.75,1.09,3384.0,2.616235,51.563632819999995,0,NASA
TOI-1759 b,10.8,3.14,4065.0,18.85019,130.675706024,0,NASA
WASP-189 b,632.47852993,18.14733975,8000.0,2.724033,325.27864035999994,0,NASA
HD 73583 b,10.2,2.79,4511.0,6.398042,102.956359896,0,NASA
HD 73583 c,9.7,2.39,4511.0,18.87974,102.956359896,0,NASA
TOI-1670 b,41.31769291,2.06,6170.0,10.98462,548.16060452,0,NASA
TOI-1670 c,200.23189641,11.06326395,6170.0,40.74976,548.16060452,0,NASA
TOI-1246 b,8.1,3.01,5151.0,4.30744,552.5800183199999,0,NASA
TOI-1246 c,9.1,2.45109846,5213.0,5.904137,552.5800183199999,0,NASA
TOI-1246 d,5.4,3.43139739,5213.0,18.654874,552.5800183199999,0,NASA
TOI-1246 e,14.5,3.5141875,5213.0,37.92548,552.5800183199999,0,NASA
TOI-1696 b,48.8,3.09,3185.0,2.500311,211.73134283199997,0,NASA
TOI-2136 b,6.37,2.19,3342.0,7.851928,108.815752436,0,NASA
HIP 94235 b,379.0,3.0,5991.0,7.713057,190.848878776,0,NASA
TOI-1710 b,22.4,5.20315158,5684.0,24.283377,264.92706027599996,0,NASA
TOI-1181 b,374.71969185,17.02644168,6054.0,2.103189,987.66233764,0,NASA
TOI-1516 b,1004.33776612,15.24421375,6520.0,2.056014,805.7814442399999,0,NASA
TOI-2046 b,731.0053361,16.14093221,6250.0,1.4971842,944.76956208,0,NASA
WASP-132 c,6.26,1.841,4686.0,1.01153624,400.87833959999995,0,NASA
Gaia-1 b,533.95172376,13.77583728,5470.0,3.052524,1186.0989096,0,NASA
Gaia-2 b,259.66580852,14.81827249,5720.0,3.6915224,682.41293724,0,NASA
TOI-1107 b,1064.72516345,14.57167491,6311.0,4.0782387,917.52248984,0,NASA
HD 28109 b,6.2,2.69,6189.0,22.891054,455.34965315999995,0,NASA
HD 28109 c,9.2,4.13,6189.0,55.99712,455.34965315999995,0,NASA
HD 28109 d,5.8,3.11,6189.0,84.2899,455.34965315999995,0,NASA
HD 260655 b,2.14,1.24,3803.0,2.76953,32.63353858,0,NASA
HD 260655 c,3.09,1.533,3803.0,5.70588,32.63353858,0,NASA
TOI-3714 b,222.4798849,11.32107051,3660.0,2.154849,367.6104276,0,NASA
TOI-3629 b,82.63538582,8.29464572,3870.0,3.936551,424.29960196,0,NASA
TOI-1272 b,27.0,4.13204907,5065.0,3.31599,448.69933232,0,NASA
TOI-5153 b,1036.12060682,11.88151954,6300.0,20.33003,1273.58699504,0,NASA
NGTS-20 b,947.12865286,11.99360935,5980.0,54.18915,1248.84480088,0,NASA
TOI-1422 b,9.5,3.83,,12.99894,506.00167995999993,0,NASA
CoRoT-35 b,349.6112477,18.83108758,6390.0,3.22748,3663.4168076,0,NASA
CoRoT-36 b,216.12331676,15.80466279,6730.0,5.616531,3020.0675744799996,0,NASA
HD 93963 A b,2.8,1.46954368,5908.0,1.0376109,268.56728739199997,1,NASA
HD 93963 A c,18.4,3.11976057,5908.0,3.6451389,268.56728739199997,0,NASA
Kepler-18 c,17.3,5.49,5345.0,7.64159,1412.40877332,0,NASA
GJ 3090 b,4.52,2.18,3707.0,2.85310198,73.303887156,0,NASA
HD 18599 b,24.1,2.6,5145.0,4.1374354,125.78303986799999,0,NASA
TOI-181 b,46.1687,6.9559,4994.0,4.532,313.872312728,0,NASA
TOI-199 b,54.03082919,9.07927437,5255.0,104.854,333.55974119999996,0,NASA
TOI-238 b,3.37,1.559,5059.0,1.273099,262.688325492,0,NASA
TOI-244 b,2.68,1.52,3433.0,7.397225,71.864234572,0,NASA
TOI-260 b,4.23,1.71,4026.0,13.475853,65.83524091199999,0,NASA
HIP 8152 b,8.9,2.53625843,5618.0,10.751014,331.68108264,0,NASA
HIP 8152 c,10.7,2.52442508,5618.0,19.60562,331.68108264,0,NASA
TOI-283 b,6.54,2.34,5213.0,17.61745,269.735252028,0,NASA
TOI-286 b,4.53,1.42,5152.0,4.5117244,193.17991570799998,1,NASA
TOI-286 c,3.72,1.88,5152.0,39.361826,193.17991570799998,0,NASA
TOI-329 b,40.4,4.94057819,5614.0,5.70439,927.5485252799999,0,NASA
TOI-332 b,57.2,3.2,5251.0,0.777038,726.8451691199999,0,NASA
TOI-333 b,20.1,4.26,6241.0,3.7852503,1148.94647964,0,NASA
Kepler-432 b,1719.4603,12.834305,4995.0,52.501129,2765.87789588,0,NASA
TOI-375 b,236.78216321,10.77183045,5259.9,9.45469,1292.27247228,0,NASA
TOI-406.01,6.57,2.08,3392.0,13.175682,101.30307513199999,0,NASA
TOI-406 c,2.08,1.32,3392.0,3.307441,101.30307513199999,0,NASA
TOI-411 c,9.72,2.328,6169.0,9.573083,204.758127552,0,NASA
TOI-411 b,13.71,1.362,6169.0,4.040295,204.758127552,0,NASA
TOI-469.01,9.1,3.41,5289.0,13.6308205,222.41229951999998,0,NASA
TOI-480 b,20.8,2.85372018,6174.0,6.866196,177.854823736,0,NASA
TOI-512 b,3.57,1.54,5277.0,7.18886,219.82099009999996,0,NASA
TOI-521 b,5.3,1.98,3544.0,1.54285047,198.7676203,0,NASA
HD 25463 b,8.7,2.54535814,6353.0,7.0491423,148.78617023599998,0,NASA
HD 25463 c,4.3,1.36354953,6353.0,3.04405,148.78617023599998,0,NASA
TOI-615 b,138.25535705,18.97680433,6850.0,4.6615983,1175.49231648,0,NASA
TOI-622 b,96.30200732,9.2362001,6400.0,6.402513,402.14056331999996,0,NASA
Kepler-282 d,61.0,2.46,,24.806,4362.6952716,0,NASA
TOI-654.01,8.71,2.378,3521.0,1.527561,188.37237626799998,0,NASA
TOI-663 b,4.45,2.27,3681.0,2.598902,209.492608048,0,NASA
TOI-663 c,3.65,2.26,3681.0,4.6955507,209.492608048,0,NASA
TOI-663 d,5.2,1.92,3681.0,7.1027268,209.492608048,0,NASA
TOI-669 b,10.0,2.58606487,5597.0,3.945152,465.96929251999995,0,NASA
TOI-672 b,50.9,5.31,3810.0,3.633581,218.221521076,0,NASA
Kepler-57 b,25.06,3.135,5187.9,5.72,2100.9012583999997,0,NASA
TOI-733 b,5.72,1.992,5585.0,4.884765,245.29931835199997,0,NASA
TOI-756 b,9.83,2.81,3657.0,1.2392495,281.06786840399997,0,NASA
TOI-757 b,10.5,2.5,5278.0,17.46819,196.808401208,0,NASA
TOI-762 A b,79.77493016,8.33948164,3266.0,3.4716826,321.086883448,0,NASA
TOI-771 b,2.47,1.36,3370.0,2.3260155,82.448322928,0,NASA
TOI-778 b,878.0,15.4,6643.0,4.633611,527.5344990799999,0,NASA
TOI-782 b,19.1,2.734,3370.0,8.0240015,171.27169103199998,0,NASA
TOI-784 b,9.67,1.93,5558.0,2.7970365,210.69579753199997,0,NASA
TOI-815 b,7.6,2.94,4869.0,11.197259,194.753292252,0,NASA
TOI-836.01,9.6,2.587,4552.0,8.59545,89.700727744,0,NASA
TOI-836 b,4.53,1.704,4552.0,3.81673,89.700727744,0,NASA
TOI-858 B b,349.6112477,14.06727078,5842.0,3.2797178,816.98490284,0,NASA
KOI-1257 b,460.83,10.54,5520.0,86.647661,,0,NASA
TOI-908 b,16.137,3.186,5626.0,3.183792,573.21264688,0,NASA
TOI-912 b,5.1,1.93,3572.0,4.6780691,85.15019923199999,0,NASA
TOI-969 b,9.1,2.765,4435.0,1.8237305,251.97312242399997,0,NASA
TOI-1011 b,4.04,1.45,5475.0,2.470498,171.6232872,1,NASA
Kepler-56 c,181.0,9.8,4840.0,21.40239,2977.78471064,0,NASA
TOI-1052 b,16.9,2.87,6146.0,9.139703,423.36353424,0,NASA
TOI-1080 b,10.7,1.2,3065.0,3.9652482,83.36221204,0,NASA
Kepler-279 c,49.4,4.3,,35.736,3383.542344,0,NASA
TOI-1117 b,8.9,2.46,5635.0,2.22816,546.63093288,0,NASA
TOI-1135 b,58.79825529,9.91994792,6320.0,8.0277327,371.97439488,0,NASA
TOI-1173 b,27.4,9.19,5350.0,7.06466,431.67725068,0,NASA
TOI-1194 b,120.0,8.71664516,5394.0,2.3106446,488.14790051999995,0,NASA
TOI-1199 b,75.96098927,10.5140239,5710.0,3.671463,810.2595661199999,0,NASA
TOI-1203.01,7.39,2.918,5737.0,25.502672,211.98280910799997,0,NASA
Kepler-44 b,317.82,12.22,5800.0,3.2467293,3874.73328,0,NASA
TOI-1221 b,1112.3994245,2.91,5592.0,91.68278,451.43578116,0,NASA
TOI-1232 b,220.57291446,10.92875618,5823.0,14.256,1071.7616622399999,0,NASA
TOI-1238 c,8.32,2.11,4089.0,3.294736,230.63958462,0,NASA
TOI-1238 b,3.76,1.21,4089.0,0.764597,230.63958462,1,NASA
TOI-1243 b,7.7,2.33,3515.0,4.6594779,140.85536094,0,NASA
TOI-1248 b,27.4,6.8084859,5205.0,4.3601561,550.3393266,0,NASA
TOI-1249 b,11.9,3.2710301,5497.0,13.079151,454.9550044,0,NASA
TOI-1269 b,6.4,2.40144286,5499.0,4.2529913,561.43841528,0,NASA
TOI-1273 b,70.55790635,11.09689089,5690.0,4.631296,577.6809840799999,0,NASA
Kepler-278 b,56.0,3.955,4965.0,30.1556,1444.9689267999997,0,NASA
TOI-1279 b,10.6,2.66146528,5457.0,9.61419,349.1663058,0,NASA
TOI-1288 b,44.1,4.96846551,5388.0,2.6998279,374.63908939999993,0,NASA
TOI-1294 b,63.9,10.12369881,5718.0,3.915292,1084.95141088,0,NASA
TOI-1295 b,451.31633794,15.69257298,6280.0,3.1968838,1266.22565412,0,NASA
Kepler-277 b,87.3,2.92,,17.324,3185.37974308,0,NASA
TOI-1347 b,11.1,1.8,5464.0,0.84742346,481.00182256,0,NASA
TOI-1347 c,6.4,1.6,5464.0,4.841962,481.00182256,0,NASA
TOI-1386 b,45.8,6.2163865,5735.0,25.8401,478.98617848,0,NASA
TOI-1408 b,593.0,25.0,6117.0,4.42587,454.93543504,0,NASA
TOI-1410.01,12.5,3.10083009,4635.0,1.21687,237.28240387199997,0,NASA
TOI-1416 b,3.48,1.62,4884.0,1.0697568,179.42983106,0,NASA
TOI-1420 b,25.1,11.89,5510.0,6.9561063,658.56767208,0,NASA
HD 235088 b,4.15,1.982,5075.0,7.4341325,134.280382136,0,NASA
TOI-1437 b,9.6,2.24,6008.0,18.840942,336.90936331999995,0,NASA
TOI-1438 b,9.4,3.04,5230.0,5.13967,360.44478028,0,NASA
TOI-1438 c,10.6,2.75,5230.0,9.428089,360.44478028,0,NASA
TOI-1439 b,38.5,4.2427861,5841.0,27.644,751.1568373599999,0,NASA
TOI-1443 b,30.0,2.30381001,5224.0,23.540678,279.85293730399997,0,NASA
Kepler-41 b,177.98,14.46,5750.0,1.8555582,3565.1460047999994,0,NASA
TOI-1448 b,19.5,2.749,3412.0,8.112245,239.18487182,0,NASA
TOI-1450 A b,1.258,1.13,3437.0,2.0439274,73.211258852,0,NASA
TOI-1451 b,15.2,2.61143902,5801.0,16.537944,299.85543247199996,0,NASA
TOI-1452 b,4.82,1.672,3185.0,11.06201,99.546725072,0,NASA
TOI-1453 c,2.95,2.224,4975.0,6.5886982,256.82012674,0,NASA
TOI-1453 b,2.32,1.173,4975.0,4.3135225,256.82012674,1,NASA
TOI-1468 c,4.1,2.126,3376.0,15.532477,80.690668244,0,NASA
TOI-1468 b,3.04,1.401,3376.0,1.8805201,80.690668244,0,NASA
TOI-1470 b,7.32,2.18,3709.0,2.527093,169.439020468,0,NASA
Kepler-276 c,16.6,2.9,,31.884,3734.0295815999993,0,NASA
HIP 9618 b,8.3,3.82838127,5649.0,20.772858,220.31120256799997,0,NASA
HIP 9618 c,7.0,3.42855926,5649.0,52.56363,220.31120256799997,0,NASA
TOI-1472 b,18.05,4.058,5100.0,6.36338574,397.38847039999996,0,NASA
HD 6061 b,10.0,2.42763557,5934.0,5.2549,220.54766566799998,0,NASA
TOI-1648 b,7.4,2.54,4850.0,7.331602,227.77104259999996,0,NASA
TOI-1669 c,13.0,2.2963977,5497.0,2.6800535,362.93335055999995,0,NASA
TOI-1694 b,31.3,5.3422266,5058.0,3.770107,406.6513008,0,NASA
TOI-1695 b,6.36,1.9,3690.0,3.1342791,147.19713820399997,0,NASA
LHS 1903 c,4.55,2.046,3664.0,6.226185,116.41062105199998,0,NASA
LHS 1903 b,3.28,1.382,3664.0,2.1555098,116.41062105199998,0,NASA
LHS 1903 d,5.96,2.5,3664.0,12.566287,116.41062105199998,0,NASA
TOI-1736 b,12.3,3.18175535,5636.0,7.073076,290.10989119199996,0,NASA
TOI-1742 b,9.7,2.36507598,5815.0,21.269084,237.725649876,0,NASA
TOI-1751 b,19.5,2.9507845,5970.0,37.46852,369.64890259999993,0,NASA
TOI-1753 b,16.6,2.47852533,5621.0,5.3846104,739.3010667599999,0,NASA
TOI-1774.01,8.5,2.78,5746.0,16.70988,176.03943943999997,0,NASA
TOI-1775 b,96.0,8.04728896,5284.0,10.2405549,486.73564504,0,NASA
TOI-1776 b,1.4,1.21612741,5785.0,2.799868,145.61886932,1,NASA
HD 77946 b,10.9,2.89646124,6007.0,6.527363,324.36540355999995,0,NASA
Kepler-105 b,10.8,2.53,5933.0,5.4122034,1497.78336788,0,NASA
TOI-1794 b,8.7,3.29701268,5631.0,8.765528,508.12169395999996,0,NASA
TOI-1801 b,5.738,2.079,3863.0,10.64387,100.063356176,0,NASA
TOI-1803 c,8.0,4.29,4687.0,12.885779,388.90841439999997,0,NASA
TOI-1803 b,10.32,2.99,4687.0,6.293287,388.90841439999997,0,NASA
TOI-1811 b,308.9292116,11.14172682,4766.0,3.7130765,418.2298387999999,0,NASA
TOI-1820 b,731.0053361,12.778238,5734.0,4.860674,810.5107062399999,0,NASA
TOI-1823 b,67.4,7.5406241,4927.0,38.8,233.67642313599998,0,NASA
TOI-1824 b,16.0,2.7438269,5165.0,22.808533,193.83907698399997,0,NASA
TOI-1836 b,38.45723725,8.00321222,6380.0,20.380799,625.07471244,0,NASA
TOI-1836 c,8.0,2.59987579,6237.0,1.7727471,625.07471244,0,NASA
TOI-1853 b,73.2,3.46,4985.0,1.2436258,538.4998638,0,NASA
TOI-1855 b,360.09958513,18.49481816,5359.0,1.36414864,576.7514394799999,0,NASA
TOI-1898 b,129.0,9.39553231,6241.0,45.52234,259.842614392,0,NASA
TOI-1937 A b,638.83509807,13.97759893,5814.0,0.94667944,1353.9877106,0,NASA
TOI-1994 b,7024.0077947,13.67495645,7700.0,4.0337142,1681.6701206799996,0,NASA
TOI-2000 c,81.7,8.14,5611.0,9.127055,573.09849228,0,NASA
TOI-2000 b,11.0,2.7,5611.0,3.09833,573.09849228,0,NASA
TOI-2005 b,2034.1018048,11.99360935,7130.0,17.305904,1071.340921,0,NASA
TOI-2010 b,408.7273314,11.81426566,5929.0,141.834025,356.12973639999996,0,NASA
TOI-2015 b,9.2,3.309,3297.0,3.348237,154.41660126399998,0,NASA
TOI-2019 b,34.4,5.33275337,5626.0,15.3444,645.81171092,0,NASA
TOI-2025 b,1144.1822652,11.89272852,5977.0,8.8720982,1095.8352366,0,NASA
TOI-2031 A b,254.2627256,14.20177855,6490.0,5.71548654,900.5330238,0,NASA
TOI-2088 b,37.0,3.6831179,5081.0,124.72997,412.4568775999999,0,NASA
TOI-2093 c,15.8,2.3,4426.0,53.81149,270.05129719199994,0,NASA
TOI-2095 b,4.1,1.25,3759.0,17.66484,136.71676745599999,0,NASA
TOI-2095 c,7.4,1.33,3759.0,28.17232,136.71676745599999,0,NASA
TOI-2107 b,263.79757781,13.57407563,5627.0,2.4545467,772.0275598,0,NASA
TOI-2120 b,6.8,2.122,3131.0,5.7998164,104.94232378,0,NASA
TOI-2128 b,4.5,2.08874836,5968.0,16.34136,119.30134168000001,0,NASA
TOI-2134 b,9.13,2.69,4580.0,9.2292005,73.77713951199999,0,NASA
TOI-2134 c,41.89,7.27,4580.0,95.5,73.77713951199999,0,NASA
TOI-2141 b,20.1,3.147,5635.0,18.261608,253.36450392,0,NASA
Kepler-422 b,136.66,12.89,5972.0,7.8914483,2357.4392602,0,NASA
TOI-2145 b,1805.26535176,12.24020692,6206.0,10.261128,732.97364036,0,NASA
TOI-2152 A b,899.45439181,14.35870428,6630.0,3.3773512,988.2722493599998,0,NASA
TOI-2154 b,292.40213444,16.28664896,6280.0,3.8240801,966.9220775999999,0,NASA
TOI-2158 b,260.61929374,10.76062147,5673.0,8.60077,647.33159788,0,NASA
TOI-2169 A b,329.58805806,12.50922246,6270.0,8.2148282,1146.3959397200001,0,NASA
TOI-2193 A b,298.75870258,19.83989584,5966.0,2.1225735,1099.35445984,0,NASA
TOI-2196 b,26.0,3.51,5634.0,1.1947268,847.83273732,0,NASA
TOI-2207 b,203.41018048,11.1529358,6101.0,8.001968,1217.6871182,0,NASA
TOI-2236 b,502.16888306,14.36991326,6248.0,3.5315902,1159.7781203999998,0,NASA
Kepler-423 b,189.101,13.361,5560.0,2.6843285,2474.71843468,0,NASA
TOI-2295 b,278.09985612,16.47720163,5730.0,30.033302,411.86653523999996,0,NASA
Kepler-289 c,157.18,11.23,5990.0,125.8723,2297.56680328,0,NASA
TOI-2322 c,18.1,1.874,4664.0,20.225528,195.24024315999998,0,NASA
TOI-2322 b,2.31,0.994,4664.0,11.30717,195.24024315999998,1,NASA
TOI-2328 b,50.85254512,9.97599282,5525.0,17.10197,755.97089992,0,NASA
TOI-2338 b,1900.61387386,11.2089807,5581.0,22.65398,1024.1167937599998,0,NASA
TOI-2345 b,3.49,1.504,4687.0,1.0528573,266.31974639599997,0,NASA
TOI-2345 c,7.27,2.451,4687.0,21.064302,266.31974639599997,0,NASA
TOI-2346 b,394.10722468,16.11851425,6480.0,3.3312029,1426.88031504,0,NASA
TOI-2364 b,71.51139158,8.60849718,5306.0,4.0197517,716.28423784,0,NASA
TOI-2368 b,206.58846455,10.83908434,5360.0,5.1750073,687.9119274,0,NASA
TOI-2373 b,2955.8041851,10.42435205,5651.0,13.33668,1659.1099101599998,0,NASA
TOI-2374 b,56.64,6.81,4802.0,4.31361,439.18536179999995,0,NASA
TOI-2379 b,1830.69162432,11.72459381,3707.0,5.4693827,688.99476532,0,NASA
TOI-2382 b,235.19302118,12.25141591,6033.0,4.6612061,1418.5176752,0,NASA
TOI-2384 b,624.85064816,11.48920522,3943.0,2.13570304,624.6213555999999,0,NASA
TOI-2416 b,953.485221,9.86390302,5808.0,8.275479,1819.0796434799997,0,NASA
TOI-2420 b,294.62693329,15.02003414,,5.842641,1419.3461114399997,0,NASA
TOI-2421 b,105.83685953,10.36830715,5607.0,4.3474032,1069.55358612,0,NASA
TOI-2431 b,6.2,1.534,4109.0,0.22419578,117.598481204,0,NASA
TOI-2447 b,124.90656395,9.60609646,5730.0,69.33684,485.93003971999997,0,NASA
TOI-2449 b,222.0,11.24,6021.0,106.14468,511.36694616,0,NASA
TOI-2458 b,13.31,2.83,6005.0,3.73659,368.41929447999996,0,NASA
Kepler-26 b,5.12,2.78,3914.0,12.28,1093.6238989199999,0,NASA
TOI-2485 b,766.60211768,12.1393261,,11.23479,1297.9475866799999,0,NASA
TOI-2497 b,1531.93292174,11.14172682,7360.0,10.655669,930.4871908399999,0,NASA
TOI-2498 b,34.62,6.06,5905.0,3.738252,897.7933133999999,0,NASA
TOI-2524 b,203.41018048,11.2089807,5831.0,7.18585,1431.3095135199999,0,NASA
TOI-2525 b,26.69758619,8.67575106,5096.0,23.2856,1289.61430088,0,NASA
TOI-2525 c,208.8132634,10.13291855,5096.0,49.2519,1289.61430088,0,NASA
TOI-2529 b,743.71847238,11.54525012,5802.0,64.5949,966.30564276,0,NASA
TOI-2537 b,415.40172795,11.25381662,4870.0,94.1022,603.3429381599999,0,NASA
Kepler-43 b,1026.5909,13.663771,6041.0,3.0240949,3280.6075103999997,0,NASA
TOI-2567 b,63.88350981,10.92875618,5611.0,5.983944,1646.3539489999998,0,NASA
TOI-2570 b,260.61929374,13.64132951,5771.0,2.9887615,1180.21831692,0,NASA
TOI-2580 b,200.23189641,17.37392009,6120.0,3.39775,1236.9564146799999,0,NASA
TOI-2583 A b,79.45710175,14.4595851,5936.0,4.5207265,1846.6593948399998,0,NASA
TOI-2587 A b,69.28659273,12.07207221,5760.0,5.45664,1218.7634329999998,0,NASA
TOI-2589 b,1112.3994245,12.10569916,5579.0,61.6277,653.2024058799999,0,NASA
TOI-2641 b,122.6817651,18.10250383,6100.0,4.880974,1122.1234102,0,NASA
TOI-2714 b,228.0,13.72,5665.0,2.499387,1949.99866188,0,NASA
NGTS-31 b,355.96781584,18.04645893,5710.0,4.162734,1622.22166656,0,NASA
KOI-13 b,2949.4624,16.948008,7650.0,1.763588,1693.0627497599999,0,NASA
TOI-2796 b,139.84449908,17.26183028,5764.0,4.8084983,1142.66471508,0,NASA
TOI-2803 A b,309.88269682,18.11371281,6280.0,1.96229325,1613.8785960799999,0,NASA
TOI-2818 b,225.65816897,15.27784069,5721.0,4.039709,1019.8050114399998,0,NASA
TOI-2842 b,117.59651059,12.84549188,5910.0,3.5514058,1503.5628522,0,NASA
TOI-2876 b,54.03082919,9.6397234,5271.0,6.2996431,736.27760064,0,NASA
TOI-2886 b,444.9597698,18.6405349,6240.0,1.60200105,1349.2193098799999,0,NASA
TOI-2969 b,368.68095212,12.32987877,4738.0,1.8237146,534.88279376,0,NASA
Kepler-102 e,4.7,2.17,4909.0,16.1456994,351.58312176,0,NASA
TOI-2977 b,533.95172376,13.15934334,5691.0,2.3505614,,0,NASA
TOI-2981 b,638.0,13.4,5940.0,3.601501,1721.4154908399998,0,NASA
TOI-2986 b,96.61983573,9.292245,5906.0,3.2783662,1836.7442524399999,0,NASA
TOI-2989 b,953.485221,12.55405838,4672.0,3.122832,638.5971401999999,0,NASA
TOI-2992 b,1058.36859531,13.75341932,6000.0,3.007812,1767.8503205599998,0,NASA
TOI-3023 b,197.05361234,16.43236571,5760.0,3.9014971,1271.7344289599998,0,NASA
Kepler-419 b,794.5,10.8,6430.0,69.7546,3298.6113216,0,NASA
TOI-3071 b,68.2,7.16,6177.0,1.266938,1582.57088164,0,NASA
Kepler-14 b,2669.66,12.733,6395.0,6.790123,,0,NASA
TOI-3135 b,327.36325921,13.65253849,5890.0,3.7065585,722.99978988,0,NASA
TOI-3160 A b,378.21580433,13.7646283,6190.0,3.971281,1851.51585768,0,NASA
Kepler-94 b,10.84,3.51,4781.0,2.50806,625.9064102399999,0,NASA
NGTS-27 b,188.47224535,15.64773706,5700.0,3.3704181,3072.7874303199997,0,NASA
TOI-3235 b,211.35589065,11.39953337,3388.8,2.59261842,237.47744516,0,NASA
TOI-3261 b,30.3,3.82,5068.0,0.8831331,978.92787996,0,NASA
TOI-3288 b,536.17652261,12.24020692,4072.0,1.4338647,653.94278,0,NASA
TOI-3321 b,176.07693748,15.55806521,5850.0,3.6525145,932.4636961999998,0,NASA
TOI-3331 A b,721.47048389,12.97999965,5609.0,2.0180231,708.38800108,0,NASA
TOI-3364 b,530.77343969,12.22899794,5706.0,5.8768918,906.3842624399999,0,NASA
TOI-3464 b,397.28550875,13.7646283,6370.0,3.6515568,1949.6757674399998,0,NASA
TOI-3474 b,193.87532827,14.67255574,6020.0,3.8795105,1370.25637188,0,NASA
TOI-3486 b,99.16246298,10.5700688,4930.0,2.21778105,504.6122554,0,NASA
TOI-3493 b,8.97,3.22,5844.0,8.1594667,315.465910944,0,NASA
TOI-3523 A b,435.42491759,15.9727975,6450.0,2.30458952,2104.66509864,0,NASA
TOI-3540 A b,375.03752026,23.53885947,5810.0,3.119999,,0,NASA
TOI-3568 b,26.4,5.3,4969.0,4.417965,645.48229336,0,NASA
Kepler-305 b,10.5,3.6,,5.487,2832.5898441199997,0,NASA
TOI-3593 b,565.73456446,11.02963701,5550.0,3.8212867,739.1673427999999,0,NASA
TOI-3682 b,69.28659273,12.80065596,5703.0,3.3462406,1318.35842916,0,NASA
Kepler-17 b,778.65,14.68,5781.0,1.4857108,2350.77915468,0,NASA
TOI-3688 A b,311.47183886,13.08088048,5950.0,3.246075,1292.81062968,0,NASA
TOI-3693 b,324.18497514,12.59889431,5321.0,9.088516,575.45660016,0,NASA
Kepler-87 b,324.2,13.49,5600.0,114.73635,4021.177324,0,NASA
Kepler-307 b,7.44,2.43,5367.0,10.4208,1877.2919663599998,0,NASA
TOI-3757 b,85.3,12.0,3913.0,3.438753,590.79571684,0,NASA
TOI-3785 b,14.95,5.14,3576.0,4.6747373,260.153114904,0,NASA
Kepler-107 e,14.1,2.903,5854.0,14.749143,1715.5707753199997,0,NASA
WASP-194 b,373.13054982,15.47960235,6405.0,3.183387,1555.21291636,0,NASA
TOI-3807 b,330.54154328,18.49481816,5772.0,2.8989727,1375.5466222,0,NASA
TOI-3819 b,352.78953177,13.13692538,5859.0,3.2443141,1820.4103599599998,0,NASA
TOI-3837 b,187.51876013,10.87271128,5905.0,11.88865,1016.6445597999999,0,NASA
TOI-3856 b,171.62733978,13.59649359,5622.0,2.04360352,1025.5747110799998,0,NASA
TOI-3862 b,53.7,5.53,5300.0,1.55745774,812.1936711999999,0,NASA
TOI-3877 b,99.7981198,11.67975789,5731.0,4.123596,1610.4604811999998,0,NASA
TOI-3884 b,32.59,6.43,3180.0,4.5445828,140.71935388799997,0,NASA
TOI-3894 b,260.61929374,15.27784069,6000.0,4.33454,1361.2609894,0,NASA
TOI-3912 b,129.03833324,14.28024141,5725.0,3.4936264,1519.86086752,0,NASA
TOI-3919 b,1233.17421916,12.31866979,6100.0,7.433234,1971.9098219599998,0,NASA
KOI-1599.01,4.6,1.9,,20.4415,3690.9117584,0,NASA
TOI-3976 A b,55.61997123,12.27383387,5975.0,6.607662,1683.2487157199998,0,NASA
TOI-3980 b,187.51876013,14.4595851,5840.0,3.6089254,1587.46974476,0,NASA
TOI-3984 A b,44.0,7.9,3476.0,4.353326,355.12843747999995,0,NASA
TOI-4010 c,20.31,5.93,4960.0,5.414654,578.9399462399999,0,NASA
TOI-4010 d,38.15,6.18,4960.0,14.70886,578.9399462399999,0,NASA
TOI-4010 b,11.0,3.02,4960.0,1.348335,578.9399462399999,0,NASA
WASP-195 b,33.05415433,10.31226224,6300.0,5.051928,1581.3738891199998,0,NASA
TOI-4087 b,232.01473711,13.04725353,6060.0,3.1774835,983.9343745599999,0,NASA
Kepler-424 b,327.35,9.98,5460.0,3.3118644,2278.6758477599997,0,NASA
Kepler-277 c,64.2,3.36,,33.006,3185.37974308,0,NASA
Kepler-278 c,34.9,3.268,4965.0,51.111,1444.9689267999997,0,NASA
TOI-4127 b,731.0053361,12.28504285,6096.0,56.39879,1042.4989459199999,0,NASA
TOI-4137 b,457.67290608,13.57407563,6202.0,3.8016122,1092.59976908,0,NASA
Kepler-56 b,22.1,6.51,4840.0,10.5016,2977.78471064,0,NASA
TOI-4145 A b,136.66621501,13.30506009,5281.0,4.0664428,669.88202372,0,NASA
Kepler-282 e,56.2,3.1,,44.347,4362.6952716,0,NASA
TOI-4153 b,365.50266805,16.11851425,6860.0,4.6174141,1382.3795903999999,0,NASA
HD 35843 c,11.32,2.54,5666.0,46.9622,227.01305605599998,0,NASA
TOI-4201 b,788.21444936,13.67495645,3794.0,3.5819194,616.4707171599999,0,NASA
TOI-4214 b,165.27077164,10.68215861,6370.0,3.4913885,1131.3731943599998,0,NASA
NGTS-24 b,165.27077164,13.60770257,5820.0,3.4678796,2227.84769672,0,NASA
LP 890-9 b,13.2,1.32,2850.0,2.7299025,105.771738488,0,NASA
Kepler-23 d,4.44,2.206,5828.0,15.27,2725.86833936,0,NASA
TOI-4336 A b,3.33,2.137,3307.0,16.336351,73.53350098,0,NASA
TOI-4342 b,7.3,2.329,3866.0,5.5382592,200.652475824,0,NASA
TOI-4342 c,4.8,2.349,3866.0,10.688662,200.652475824,0,NASA
TOI-4377 b,304.1617855,15.10970598,4974.0,4.378081,1486.6842792,0,NASA
TOI-4379 b,353.74301699,16.69017226,6020.0,3.25352,2104.2215264799997,0,NASA
TOI-4406 b,95.3485221,11.2089807,6219.0,30.08364,853.9873010399999,0,NASA
TOI-4438 b,5.4,2.52,3422.0,7.44628,97.959649976,0,NASA
Kepler-553 c,2129.4503269,11.57887706,5191.0,328.24017,2376.127999,0,NASA
TOI-4463 A b,252.35575516,13.26022417,5640.0,2.8807198,564.63148252,0,NASA
TOI-4465 b,1872.00931723,14.01122587,5545.0,101.94054,395.10211683999995,0,NASA
TOI-4487 A b,397.28550875,14.60530185,6206.0,3.9540709,1562.7601661999997,0,NASA
Ross 176 b,4.57,1.84,4041.0,5.0066338,151.495548128,0,NASA
TOI-4495 c,23.2,4.03,6210.0,5.18553,431.22389383999996,0,NASA
TOI-4495 b,7.7,2.483,6210.0,2.56699,431.22389383999996,0,NASA
TOI-4504 c,1197.32317485,11.09689089,5315.0,82.97213,1117.4267638,0,NASA
TOI-4507 b,20.0,8.2,6260.0,104.61611,581.4056856,0,NASA
TOI-4515 b,637.0,12.17,5433.0,15.266446,631.1085984399999,0,NASA
HD 20329 b,7.42,1.72,5596.0,0.926118,207.694836176,0,NASA
TOI-4529 b,4.9,1.77,3697.0,5.879577,92.57611904,0,NASA
Kepler-167 e,321.00669107,10.16,4884.0,1071.23205,1115.15345648,0,NASA
TOI-4551 b,473.56432643,11.85910158,4896.0,9.95581,704.45129816,0,NASA
TOI-4552 b,1.83,1.11,3258.0,0.30110032,88.93752270399999,0,NASA
Kepler-177 b,5.84,3.5,5732.0,36.8601,4681.7736864,0,NASA
TOI-4582 b,168.44905571,10.53644186,5190.0,31.034,1251.9367597599999,0,NASA
TOI-4600 b,959.84178914,6.8,5170.0,82.6869,704.67960736,0,NASA
TOI-4603 b,4096.80816623,11.67975789,6264.0,7.24599,735.9481830799999,0,NASA
TOI-4633 c,123.0,3.2,5800.0,271.9445,310.50573049599996,0,NASA
TOI-4641 b,1229.99593509,8.18255591,6560.0,22.09341,281.636032156,0,NASA
TOI-4666 b,155.41809102,12.53164042,3793.0,2.9089165,504.72314843999993,0,NASA
WASP-116 b,203.41018048,13.67495645,6250.0,6.6132,1824.0045990800002,0,NASA
TOI-4734 b,61.65871096,10.9175472,6070.0,6.235633,1836.48006608,0,NASA
Kepler-223 c,5.1,3.44,,9.84564,6065.555747599999,0,NASA
TOI-4773 b,1687.66884117,15.22179579,6740.0,1.7452851,1607.5837852799998,0,NASA
TOI-4791 b,734.18362017,12.44196858,6058.0,4.28088,1072.40745112,0,NASA
TOI-4794 b,308.29355479,14.35870428,6390.0,3.5658116,1771.05317248,0,NASA
TOI-4860 b,86.7,8.7,3260.0,1.5227591,261.388919988,0,NASA
NGTS-30 b,305.11527072,10.40193409,5455.0,98.29838,777.48088812,0,NASA
Kepler-68 b,8.03,2.357,5847.0,5.39875259,470.20605895999995,0,NASA
Kepler-31 c,1493.7,5.3,6340.0,42.6318,5429.3232384,0,NASA
TOI-4914 b,227.0,12.87,5805.0,10.60057,978.1092283999999,0,NASA
TOI-4940 b,89.0,6.61,5504.0,25.867811,1127.38756804,0,NASA
TOI-4961 b,572.0911326,12.34108775,5380.0,7.479182,694.95037388,0,NASA
Kepler-24 b,11.14,2.348,6028.0,8.14,3773.0052235999997,0,NASA
Kepler-15 b,209.76,10.76,5515.0,4.942782,2411.63660272,0,NASA
BD-14 3065 b,3932.0,21.59,6935.0,4.2889731,1922.43847988,0,NASA
TOI-4994 b,88.99195396,8.54124329,5640.0,21.491984,1074.0447542399997,0,NASA
TOI-5005 b,32.7,6.25,5749.0,6.3085044,678.0489699599999,0,NASA
TOI-5007 b,211.03806225,11.07447293,3793.0,2.543371,663.2447491199999,0,NASA
Kepler-80 e,4.13,1.6,4540.0,4.64489,1204.98660356,0,NASA
TOI-5027 b,642.01338214,10.76062147,5909.0,10.24368,666.7574492399999,0,NASA
TOI-5076 b,16.14568308,3.48935569,4780.0,23.443162,270.24307691999996,0,NASA
Kepler-223 b,7.4,2.99,,7.38449,6065.555747599999,0,NASA
Kepler-107 d,7.7,0.86,5854.0,7.95839,1715.5707753199997,0,NASA
TOI-5108 b,32.0,6.6,5808.0,6.753581,427.00017364,0,NASA
TOI-5110 b,921.7023803,11.98240037,6160.0,30.158577,1279.37626404,0,NASA
Kepler-23 b,2.56,1.638,5828.0,7.1,2725.86833936,0,NASA
TOI-5181 A b,330.54154328,13.34989601,6060.0,3.8922295,1566.0543417999997,0,NASA
WASP-188 b,458.6263913,14.81827249,6850.0,5.748916,2202.4694983599998,0,NASA
TOI-5205 b,343.0,11.6,3430.0,1.630757,281.95957890799997,0,NASA
TOI-5210 b,81.99972901,10.72699453,5723.0,4.5661061,985.27161416,0,NASA
TOI-5218 b,657.0,9.86,4230.0,4.291452,1231.18345348,0,NASA
Kepler-426 b,108.06,12.22,5725.0,3.21751883,2751.7618641999998,0,NASA
Kepler-80 d,6.75,1.53,4540.0,3.07222,1204.98660356,0,NASA
TOI-5232 b,743.71847238,12.778238,6500.0,4.0966692,1987.55552528,0,NASA
TOI-5261 b,3651.84839643,11.60129502,5790.0,4.1509768,1229.78424424,0,NASA
Kepler-62 e,36.0,1.61,4925.0,122.3874,981.3186034400001,0,NASA
WASP-154 b,198.96058278,10.76062147,4774.0,3.811678,702.8694415599999,0,NASA
TOI-5292 A b,412.85910069,12.64373023,3919.0,2.02191,1099.4555682,0,NASA
TOI-5293 A b,170.4,11.9,3586.0,2.930289,529.11961724,0,NASA
TOI-5300 b,190.6970442,9.86390302,4610.0,2.262196,530.0361155999999,0,NASA
TOI-5301 b,1182.32167404,13.09208946,6240.0,5.858858,2052.0463511599996,0,NASA
Kepler-223 e,4.8,4.6,,19.72567,6065.555747599999,0,NASA
TOI-5322 b,184.02264765,16.6117094,5692.0,5.4233207,1555.43470244,0,NASA
TOI-5340 b,270.15414595,15.07607904,5990.0,4.9394392,1737.20144124,0,NASA
TOI-5344 b,130.94530368,10.60369574,3747.0,3.792622,451.2922725199999,0,NASA
TOI-5349 b,127.4,10.2,3751.0,3.317921,614.26916416,0,NASA
TOI-5350 b,2094.48920213,12.41955062,6220.0,7.581367,904.8187136399999,0,NASA
Kepler-53 c,36.0,3.17,5858.0,38.5583038,4455.519269199999,0,NASA
WASP-197 b,403.32424848,14.44837612,6050.0,5.167228,1577.5350329999999,0,NASA
TOI-5386 A b,155.10026262,14.70618268,6094.0,3.62156552,1286.63975816,0,NASA
TOI-5388.01,2.2,0.99,3440.0,2.5946748,60.412571256,0,NASA
TOI-5398 b,58.7,10.3,6000.0,10.590547,426.79143379999994,0,NASA
TOI-5398 c,11.8,3.52,6000.0,4.77271,426.79143379999994,0,NASA
TOI-5422 b,8899.195396,9.10169233,5820.0,5.377219,1128.95963996,0,NASA
KOI-94 d,106.0,11.27,6182.0,22.342989,1555.93372112,0,NASA
Kepler-31 d,2161.244,3.9,6340.0,87.6451,5429.3232384,0,NASA
Kepler-63 b,120.0,6.11,5576.0,9.4341505,632.85027148,0,NASA
TOI-5542 b,419.53349724,11.30986153,5700.0,75.12375,1137.79194444,0,NASA
TOI-5573 b,112.0,9.75,3790.0,8.79758977,608.48315672,0,NASA
Kepler-11 b,1.9,1.8,5663.0,10.3039,2108.09625976,0,NASA
TOI-5592 b,285.72773789,17.14974047,6237.0,2.6085846,1947.2361205599998,0,NASA
Kepler-18 b,6.9,2.0,5345.0,3.504725,1412.40877332,0,NASA
TOI-5616 b,624.0,10.78,3996.0,2.002849,1273.3619474,0,NASA
Kepler-20 e,0.76,0.821,5495.0,6.0984882,921.5961782799999,1,NASA
TOI-5634 A b,588.0,10.42,3896.0,2.2035373,998.5070246399999,0,NASA
Kepler-16 b,105.833,8.4493,4450.0,228.776,244.89488491199998,0,NASA
TOI-5678 b,20.0,4.91,5485.0,47.73022,539.43919308,0,NASA
TOI-5688 A b,124.0,10.3,3713.0,2.94815527,738.14973608,0,NASA
HD 23472 f,0.77,1.137,4684.0,12.1621839,127.31205919599999,1,NASA
HD 23472 d,0.55,0.75,4684.0,3.97664,127.31205919599999,0,NASA
HD 23472 e,0.72,0.818,4684.0,7.90754,127.31205919599999,1,NASA
TOI-1260 d,11.84,3.12,4227.0,16.608164,240.043314412,0,NASA
TOI-5720 b,4.3,1.09,3325.0,1.4344555,116.847343936,0,NASA
TOI-5734 b,9.1,2.1,4750.0,6.1841876,106.03396791199998,0,NASA
LP 890-9 c,25.3,1.367,2850.0,8.457463,105.771738488,0,NASA
Wolf 327 b,2.53,1.24,3542.0,0.5734745,93.059156076,0,NASA
Kepler-408 b,5.0,0.82,6104.0,2.46502,289.571733792,0,NASA
TOI-5786 b,73.0,8.54,6235.0,12.779107,627.7687609999999,0,NASA
TOI-5788 c,6.4,2.272,5615.0,16.213362,318.37391784,0,NASA
TOI-5788 b,3.72,1.528,5615.0,6.340758,318.37391784,0,NASA
TOI-5795 b,23.66,5.62,5715.0,6.1406325,510.53198679999997,0,NASA
TOI-5800 b,9.5,2.46,4850.0,2.6278838,139.937884112,0,NASA
NGTS-21 b,750.07504052,14.90794433,4660.0,1.5433897,1933.7495699599997,0,NASA
Kepler-76 b,638.8383,15.24424,6409.0,1.5449298,2684.1334176,0,NASA
TOI-5817 b,10.3,3.08,5770.0,15.61031,263.384668552,0,NASA
HD 206893 b,8899.195396,14.01122587,,9350.0,132.93564094799999,0,NASA
NGTS-23 b,194.82881349,14.20177855,6057.0,4.0764326,3506.013922,0,NASA
NGTS-25 b,203.09235207,11.46678726,5321.0,2.823093,1700.0327034799998,0,NASA
TOI-5882 b,6995.40323807,11.46678726,5920.0,7.148972,1357.14816224,0,NASA
TOI-5916 b,226.61165419,11.35469745,3613.0,2.367128,651.41180944,0,NASA
Kepler-4 b,24.472,4.002,5857.0,3.21346,1591.36730896,0,NASA
HD 114082 b,2542.627256,11.2089807,6651.0,109.75,311.122165336,0,NASA
HD 206893 c,4036.4207689,16.36511182,,2090.0,132.93564094799999,0,NASA
TOI-6008 b,4.0,1.03,3075.0,0.8574347,75.34464524799999,0,NASA
TOI-6016 b,371.85923619,13.67495645,6110.0,4.023687,1189.5398553999999,0,NASA
TOI-6029 b,519.64944544,14.39233122,6223.0,5.7987,1967.10880564,0,NASA
TOI-6034 b,254.0,11.92,3635.0,2.576184,384.83798752,0,NASA
TOI-6038 A b,78.5,6.41,6110.0,5.8267311,584.2986893199999,0,NASA
TOI-6041 b,28.9,4.55,5445.0,26.04945,236.37536403599998,0,NASA
TOI-6054.01,12.5,2.64,6047.0,7.501428,258.99069491999995,0,NASA
TOI-6054.02,9.3,2.82,6047.0,12.563636,258.99069491999995,0,NASA
TIC 279401253 b,1951.46641898,11.2089807,5951.0,76.8,931.4493510399999,0,NASA
K2-415 b,7.5,1.015,3173.0,4.0179694,71.161368392,0,NASA
WASP-84 c,15.2,1.95,,1.4468849,328.07379727999995,0,NASA
WASP-149 b,314.96795134,15.24421375,5750.0,1.332813,690.5700987999999,0,NASA
TOI-6130 b,333.71982735,14.3474953,6110.0,2.392679,720.4198959199999,0,NASA
WASP-155 b,276.8285425,13.45077684,5660.0,3.110413,1303.4172228,0,NASA
WASP-102 b,197.68926915,14.90794433,5990.0,2.709813,1747.1818148399998,0,NASA
Gliese 12 b,0.95,0.93,3328.0,12.761418,39.8236476,0,NASA
TOI-6255 b,1.44,1.079,3421.0,0.23818244,66.264136052,0,NASA
TOI-815 c,23.5,2.62,4869.0,34.976145,194.753292252,0,NASA
WASP-193 b,35.59678158,14.78464554,6080.0,6.2463475,1180.9684757199998,0,NASA
LP 791-18 d,0.91,1.032,2960.0,2.75485,86.40753061199999,0,NASA
TOI-6303 b,2493.0,11.59,3977.0,9.485236,496.47140163999995,0,NASA
TOI-6324 b,1.17,1.059,3247.0,0.279221,67.02114412799999,0,NASA
TOI-6330 b,3179.0,10.89,3539.0,6.8500246,453.49382552,0,NASA
TOI-6383 A b,331.0,11.29,3444.0,1.79058695,558.76719764,0,NASA
TOI-6420 b,2606.1929374,11.93756445,6020.0,6.961508,2070.15127072,0,NASA
NGTS-33 b,1153.71711741,18.38272835,7437.0,2.827972,1428.0903538,0,NASA
HD 207496 b,6.1,2.25,4819.0,6.441008,76.99238536,0,NASA
K2-416 b,1652.7077164,2.66,3746.0,13.102,392.40154516,0,NASA
K2-417 b,699.2224954,3.31,3861.0,6.535,306.724930144,0,NASA
TOI-2018 b,9.2,2.268,4174.0,7.435583,91.30932913599999,0,NASA
HD 22946 d,26.57,2.607,6169.0,47.42489,204.758127552,0,NASA
TOI-1470 c,7.24,2.47,3709.0,18.08816,169.439020468,0,NASA
TOI-4600 c,2946.26933289,9.42,5170.0,482.8191,704.67960736,0,NASA
TOI-6628 b,235.19302118,10.98480109,5463.0,18.18424,1045.4180421199999,0,NASA
TOI-198 b,3.17,1.36,3801.0,10.215213,77.384424872,0,NASA
HIP 29442 c,4.5,1.551,5289.0,3.5379559,222.41229951999998,0,NASA
HIP 29442 d,5.14,1.538,5289.0,6.429575,222.41229951999998,0,NASA
TOI-6651 b,61.0,5.09,5940.0,5.056973,691.8681996799999,0,NASA
NGTS-35 b,152.0,10.9,4717.0,25.241192,597.1198816799999,0,NASA
TOI-6692 b,197.05361234,11.67975789,5890.0,131.125,1020.55190868,0,NASA
TOI-6695 b,66.74396547,9.52763359,6400.0,80.389,921.50811616,0,NASA
Kepler-109 c,8.2,2.65,5950.0,21.22265,1548.7876431599998,0,NASA
Kepler-323 c,6.8,1.57,6004.0,3.5538229,1483.62819748,0,NASA
Kepler-49 c,8.38,2.444,4095.6,10.91,1015.0692263199999,0,NASA
GJ 806 b,1.9,1.331,3600.0,0.9263237,39.28385941999999,0,NASA
HD 110067 b,5.69,2.2,5266.0,9.113678,104.88687725999998,0,NASA
HD 110067 c,6.3,2.388,5266.0,13.673694,104.88687725999998,0,NASA
HD 110067 d,8.52,2.852,5266.0,20.519617,104.88687725999998,0,NASA
HD 110067 e,3.9,1.94,5266.0,30.793091,104.88687725999998,0,NASA
HD 110067 f,5.04,2.601,5266.0,41.05854,104.88687725999998,0,NASA
HD 110067 g,8.4,2.607,5266.0,54.76992,104.88687725999998,0,NASA
HD 88986 b,17.2,2.49,5861.0,146.05,108.503294988,0,NASA
GJ 341 b,4.0,0.88,3770.0,7.57686,34.09634824,0,NASA
Kepler-48 c,14.61,2.71,5194.0,9.67395,1000.44439128,0,NASA
TIC 393818343 b,1379.37528638,12.18416202,5756.0,16.24921,305.72069581999995,0,NASA
TOI-6894 b,53.39517238,9.5836785,3007.0,3.37077196,240.745854436,0,NASA
TOI-238 c,6.7,2.18,5059.0,8.465651,262.688325492,0,NASA
Kepler-416 b,58.2,2.48,,6.319,2253.1476176399997,0,NASA
Kepler-350 c,6.1,3.1,,17.849,3120.85304004,0,NASA
TIC 139270665 b,147.15455244,7.22979255,5844.0,23.624,619.2887049999999,0,NASA
NGTS-26 b,92.80589484,14.88552637,5550.0,4.5199279,3567.1355564,0,NASA
Kepler-328 c,39.4,5.4,,71.312,7218.4519764,0,NASA
Kepler-11 d,7.3,3.12,5663.0,22.6845,2108.09625976,0,NASA
TIC 365102760 b,19.2,6.21,4900.0,4.21285367,1811.94661176,0,NASA
TIC 241249530 b,1582.78546686,13.29385111,6166.0,165.7719,1058.20661888,0,NASA
TIC 46432937 b,1017.0509024,13.31626907,3572.0,1.44044527,295.29153156399997,0,NASA
TOI-1408 c,7.6,2.22,6117.0,2.1664,454.93543504,0,NASA
TIC 4672985 b,4049.13390518,11.5004142,5757.0,69.048,826.4303805999999,0,NASA
TOI-7041 b,114.41822652,11.43316031,4700.0,9.691,1433.5208512,0,NASA
HD 21520 b,17.7,2.697,5871.0,25.1292,258.34164447999996,0,NASA
Kepler-20 d,13.4,2.606,5495.0,77.611455,921.5961782799999,0,NASA
Kepler-20 b,9.7,1.773,5495.0,3.6961049,921.5961782799999,0,NASA
TOI-7149 b,224.0,13.2,3363.0,2.65206166,411.36751656,0,NASA
KOI-1843.03,8.0,0.61,3584.0,0.1768913,438.06338516,0,NASA
TOI-2443 b,4.8,2.363,4375.0,15.66858,78.03543224799999,0,NASA
Kepler-105 c,5.6,1.44,5933.0,7.12592,1497.78336788,0,NASA
ZTF J1230-2655 b,7024.0077947,13.78704626,10000.0,0.23597766,608.9006363999999,0,NASA
ZTF J1828+2308 b,6356.56814,11.13051784,15900.0,0.1120067,658.2708701199999,0,NASA
Kepler-26 c,6.2,2.72,3914.0,17.2559,1093.6238989199999,0,NASA
Kepler-102 d,3.0,1.154,4909.0,10.311767,351.58312176,1,NASA
TOI-2076 e,4.7,1.301,,3.0223753,136.689044196,0,NASA
TOI-201 c,4513.1633794,11.13051784,,2800.0,371.24706699999996,0,NASA
HD 135344 A b,3178.28407,16.25302201,9540.0,,461.8205882,0,NASA
HD 224018 b,4.1,0.91,5784.0,10.6413,344.0293488,1,NASA
HD 224018 c,10.4,2.42,5784.0,36.57669,344.0293488,0,NASA
HD 224018 d,4.2,2.4,5784.0,138.0731,344.0293488,0,NASA
TOI-1203 b,3.51,1.52,5737.0,4.1572888,211.98280910799997,0,NASA
NGTS-32 b,181.16219199,15.91675259,5680.0,3.31211,2731.41625292,0,NASA
HD 143811 AB b,1938.7532827,15.69257298,6791.0,117000.0,445.55518847999997,0,NASA
Kepler-107 c,10.0,1.597,5854.0,4.901452,1715.5707753199997,0,NASA
TOI-7510 b,18.1,7.31,5720.0,11.530869,812.14800936,0,NASA
TOI-7510 c,131.0,10.81,5720.0,22.5687423,812.14800936,0,NASA
TOI-7510 d,190.0,10.52,5720.0,48.864468,812.14800936,0,NASA
TOI-1422 c,14.0,2.61,,34.5633,506.00167995999993,0,NASA
TOI-1472 c,21.13,3.334,5100.0,15.5381747,397.38847039999996,0,NASA
CD-35 2722 b,9375.9380065,17.37392009,3689.0,,73.025023776,0,NASA
V2376 Ori b,6356.56814,87.20586985,,,,0,NASA
NGTS-34 b,19.1,3.65,6134.0,43.12655,392.93644099999995,0,NASA
Kepler-11 e,8.0,4.19,5663.0,31.9996,2108.09625976,0,NASA
TOI-5789 c,5.0,2.86,5185.0,12.927748,66.725320636,0,NASA
LHS 1903 e,5.79,1.732,3664.0,29.31773,116.41062105199998,0,NASA
TOI-4336 A c,1.55,1.251,3307.0,7.587266,73.53350098,0,NASA
WISPIT 2 c,3178.28407,17.93436912,4530.0,,440.00727492,0,NASA
Kepler-107 b,3.8,1.536,5854.0,3.1800218,1715.5707753199997,0,NASA
Kepler-25 c,15.2,5.217,,12.7207,793.3712084399999,0,NASA
Kepler-37 d,2.0,2.03,5357.0,39.7922622,208.481198292,0,NASA
Kepler-25 b,8.7,2.748,,6.238297,793.3712084399999,0,NASA
Kepler-93 b,4.66,1.478,5669.0,4.72673978,312.82111194,1,NASA
Kepler-409 b,6.0,1.199,5421.0,68.9583216,222.35032988,0,NASA
KOI-1783.01,71.0,8.86,5922.0,134.4628,2823.6303387999997,0,NASA
Kepler-447 b,435.41,18.49,5493.0,7.79430132,874.23180396,0,NASA
Kepler-411 c,26.4,4.421,,7.834435,501.22349455999995,0,NASA
Kepler-45 b,160.497,10.76,3820.0,2.455239,1245.74958044,0,NASA
Kepler-91 b,257.4423,15.322703,4550.0,6.24658,4222.7091164,0,NASA
Kepler-427 b,92.17,13.79,5800.0,10.290994,3319.6157679999997,0,NASA
Kepler-462 b,53.9,3.0,7500.0,84.6866,1945.9282349999999,0,NASA
Kepler-114 c,2.8,1.6,,8.041,846.48245148,0,NASA
TrES-2 b,473.5667,15.24424,5850.0,2.47063,702.2790991999999,0,NASA
Kepler-23 c,7.81,3.005,5828.0,10.74,2725.86833936,0,NASA
Kepler-79 d,6.0,7.16,6174.0,52.0902,3329.1395232,0,NASA
Kepler-12 b,137.30256,19.660586,5947.0,4.4379629,2874.6933221599998,0,NASA
Kepler-113 c,8.7,2.18,4725.0,8.92507,855.6735275599999,0,NASA
Kepler-18 d,16.4,6.98,5345.0,14.85888,1412.40877332,0,NASA
Kepler-60 b,4.19,1.71,5905.0,7.1334,3343.4251559999993,0,NASA
Kepler-113 b,11.7,1.82,4725.0,4.754,855.6735275599999,0,NASA
Kepler-85 b,1.84,1.778,5505.2,8.3,2495.1749389999995,0,NASA
Kepler-48 d,7.93,2.04,5194.0,42.8961,1000.44439128,0,NASA
Kepler-106 e,11.17,2.56,5858.0,43.8445,1449.18286232,0,NASA
Kepler-114 d,3.9,2.53,,11.776,846.48245148,0,NASA
Kepler-103 c,58.47,5.4539,6047.0,179.60978,1613.92425792,0,NASA
Kepler-106 b,5.3,0.82,5858.0,6.16486,1449.18286232,0,NASA
Kepler-100 b,4.01,1.34,5837.0,6.88734,993.6179461999999,1,NASA
Kepler-100 d,3.0,1.61,5825.0,35.3331,993.6179461999999,0,NASA
Kepler-101 c,3.78,1.25,5667.0,6.02976,3026.6657103599996,1,NASA
Kepler-20 f,1.4,0.952,5495.0,19.578328,921.5961782799999,1,NASA
Kepler-102 f,4.3,0.861,4909.0,27.453592,351.58312176,1,NASA
Kepler-102 c,1.7,0.567,4909.0,7.071392,351.58312176,0,NASA
Kepler-102 b,1.1,0.46,4909.0,5.286965,351.58312176,0,NASA
KOI-94 b,10.5,1.71,6182.0,3.743208,1555.93372112,0,NASA
Kepler-37 c,1.3,0.755,5357.0,21.301848,208.481198292,0,NASA
Kepler-37 b,0.79,0.3098,5357.0,13.36702,208.481198292,0,NASA
Kepler-68 c,1.3,0.979,5847.0,9.605027,470.20605895999995,1,NASA
Kepler-34 b,69.92,8.564,5913.0,288.822,5873.482479199999,0,NASA
Kepler-276 d,16.3,2.8,,48.648,3734.0295815999993,0,NASA
Kepler-57 c,6.86,2.196,5187.9,11.6,2100.9012583999997,0,NASA
Kepler-128 c,3.38,1.521,6072.0,22.8,1292.81389124,0,NASA
Kepler-58 c,53.0,2.86,5843.0,15.5741568,3161.2735531199996,0,NASA
Kepler-289 b,3.7,2.49,5990.0,34.5383,2297.56680328,0,NASA
Kepler-129 c,43.0,2.52,5770.0,82.2,1333.4724982,0,NASA
Kepler-129 b,20.0,2.4,5770.0,15.79,1333.4724982,0,NASA
Kepler-36 c,7.13,3.679,5979.0,16.21865,1721.96017136,0,NASA
Kepler-138 b,0.07,0.64,3841.0,10.3134,218.07572934399997,0,NASA
Kepler-98 b,3.55,1.99,5539.0,1.54168,1142.5733914,0,NASA
Kepler-145 b,37.1,2.65,,22.951,1848.815286,0,NASA
Kepler-1655 b,5.4,2.213,6148.0,11.8728787,695.5602855999999,0,NASA
Kepler-131 b,16.13,2.41,5685.0,16.092,745.8470176799999,0,NASA
Kepler-99 b,6.15,1.48,4782.0,4.60358,679.60799564,0,NASA
KOI-2513.01,7310.053361,2.80224517,5900.0,19.00547,4467.9131972,0,NASA
Kepler-111 c,222.4798849,7.0840758,5914.0,224.77833,2143.57224788,0,NASA
Kepler-391 b,1100.0,2.5,5038.0,7.4175,2835.0653681599997,0,NASA
Kepler-406 b,6.35,1.43,5538.0,2.42629,1187.3056867999999,0,NASA
Kepler-97 b,3.51,1.48,5779.0,2.58664,1307.5822349199998,1,NASA
KOI-134 b,346.43296363,12.03844527,6160.0,67.1277,3780.8329676,0,NASA
Kepler-51 d,7.6,9.7,6018.0,130.194,2556.51183636,0,NASA
Kepler-396 c,17.9,5.3,,88.505,729.7968809199999,0,NASA
Kepler-51 c,4.0,9.0,6018.0,85.312,2556.51183636,0,NASA
Kepler-92 b,64.3,3.51,,13.749,1558.99958752,0,NASA
Kepler-138 c,2.3,1.51,3841.0,13.7815,218.07572934399997,0,NASA
Kepler-122 f,36.0,1.75,,56.268,3351.089822,0,NASA
Kepler-1876 b,2.4,0.853,6104.0,6.99205,847.7935986,0,NASA
Kepler-462 c,6.0,4.0,7500.0,207.62,1945.9282349999999,0,NASA
Kepler-414 c,29.9,3.01,,7.171,1348.5245975999999,0,NASA
Kepler-350 d,14.9,2.8,,26.136,3120.85304004,0,NASA
Kepler-85 c,2.15,1.978,5505.2,12.51,2495.1749389999995,0,NASA
Kepler-60 c,3.85,1.9,5905.0,8.9187,3343.4251559999993,0,NASA
Kepler-60 d,4.16,1.99,5905.0,11.8981,3343.4251559999993,0,NASA
Kepler-417 b,11.0,2.31,,12.331,3176.72356284,0,NASA
Kepler-415 b,119.9,1.21,,4.176,1730.2151797199997,0,NASA
Kepler-305 c,6.0,3.3,,8.291,2832.5898441199997,0,NASA
Kepler-305 d,6.2,2.76,5090.0,16.74,2832.5898441199997,0,NASA
Kepler-307 c,3.64,2.2,5367.0,13.0729,1877.2919663599998,0,NASA
Kepler-414 b,3.5,1.71,,4.7,1348.5245975999999,0,NASA
Kepler-411 b,25.6,2.401,,3.005156,501.22349455999995,0,NASA
Kepler-323 b,3.9,1.381,6004.0,1.678328,1483.62819748,0,NASA
KOI-1831 d,2.23,1.13,5233.0,34.169,1635.9136954399999,1,NASA
Kepler-11 f,2.0,2.49,5663.0,46.6888,2108.09625976,0,NASA
Kepler-138 d,2.1,1.51,3841.0,23.0923,218.07572934399997,0,NASA
Kepler-338 e,8.5,1.56,,9.341,1802.9838448799999,0,NASA
Kepler-35 b,40.363,8.16,5606.0,131.458,5933.3321052,0,NASA
Kepler-38 b,122.0,4.3,5623.0,105.599,3830.9957603999997,0,NASA
Kepler-106 d,8.1,0.95,5858.0,23.9802,1449.18286232,0,NASA
Kepler-238 f,13.5,2.0,,50.447,5866.731049999999,0,NASA
Kepler-22 b,9.1,2.1,5596.0,289.863876,634.8365615199999,0,NASA
Kepler-79 e,4.1,3.49,6174.0,81.0659,3329.1395232,0,NASA
Kepler-279 d,37.5,3.1,,54.414,3383.542344,0,NASA
Kepler-101 b,51.1,5.77,5667.0,3.4876812,3026.6657103599996,0,NASA
Kepler-87 c,6.4,6.14,5600.0,191.2318,4021.177324,0,NASA
Kepler-396 b,75.5,3.5,,42.994,729.7968809199999,0,NASA
Kepler-11 g,25.0,3.33,5663.0,118.3807,2108.09625976,0,NASA
Kepler-51 b,2.1,7.1,6018.0,45.154,2556.51183636,0,NASA
Kepler-27 c,4385.87,4.9,5400.0,31.3309,3406.2428015999994,0,NASA
Kepler-30 b,11.3,3.9,5498.0,29.33434,2981.78664476,0,NASA
Kepler-75 b,3209.9,11.77,5200.0,8.8849116,2724.5637153599996,0,NASA
Kepler-131 c,8.25,0.84,5685.0,25.5169,745.8470176799999,0,NASA
Kepler-92 c,6.1,2.6,,26.723,1558.99958752,0,NASA
Kepler-139 d,4.65807623,1.695,,7.305699922,1275.39389928,0,NASA
Kepler-406 c,2.71,0.85,5538.0,4.62332,1187.3056867999999,1,NASA
Kepler-117 c,584.78,12.341,6150.0,50.790391,4747.4288891999995,0,NASA
Kepler-62 c,4.0,0.54,4925.0,12.4417,981.3186034400001,0,NASA
Kepler-62 f,35.0,1.41,4925.0,267.291,981.3186034400001,0,NASA
Kepler-9 b,43.4,8.29,5774.0,19.23891,2049.0979009199996,0,NASA
Kepler-5 b,670.93913,15.984034,6297.0,3.5484657,2934.67667212,0,NASA
Kepler-30 d,23.1,8.8,5498.0,143.34394,2981.78664476,0,NASA
Kepler-391 c,450.0,2.88,5038.0,20.501,2835.0653681599997,0,NASA
Kepler-10 b,3.24,1.47,5708.0,0.8374907,605.03894936,1,NASA
KOI-94 c,15.6,4.32,6182.0,10.423648,1555.93372112,0,NASA
Kepler-79 c,5.9,3.72,6174.0,27.4029,3329.1395232,0,NASA
Kepler-1972 b,2.02,0.802,5818.0,7.54425,937.1733888399999,1,NASA
Kepler-80 b,6.93,2.67,4540.0,7.05246,1204.98660356,0,NASA
Kepler-117 b,29.875,8.059,6150.0,18.7959228,4747.4288891999995,0,NASA
Kepler-1705 b,4.47,2.03,6312.0,9.03502,5327.7256443999995,0,NASA
KOI-4777.01,99.2,0.51,3515.0,0.412,561.7874022,0,NASA
Kepler-10 c,11.29,2.355,5708.0,45.294301,605.03894936,0,NASA
KOI-94 e,35.0,6.56,6182.0,54.32031,1555.93372112,0,NASA
Kepler-79 b,10.9,3.47,6174.0,13.4845,3329.1395232,0,NASA
Kepler-53 b,111.0,2.89,5858.0,18.6489525,4455.519269199999,0,NASA
Kepler-428 b,403.63,12.11,5150.0,3.52563254,2238.3564430399997,0,NASA
Kepler-238 e,169.7,5.6,,23.654,5866.731049999999,0,NASA
Kepler-411 d,15.2,3.319,,58.02035,501.22349455999995,0,NASA
KOI-3503 b,9.2,1.19,6001.0,21.185,2893.2124598399996,0,NASA
Kepler-19 b,6.1,2.209,5541.0,9.28699,712.85307672,0,NASA
KOI-1833 d,11.02,2.58,4413.0,7.685,946.90914544,0,NASA
Kepler-328 b,28.5,2.3,,34.921,7218.4519764,0,NASA
Kepler-27 b,2895.31,4.0,5400.0,15.3348,3406.2428015999994,0,NASA
PH2 b,87.08498352,9.33708092,5734.0,282.52542,1121.52980628,0,NASA
Kepler-1513 b,48.30991786,8.594,5491.0,160.8842,1139.09004532,0,NASA
KOI-3680 b,613.4119,11.09691,5830.0,141.241671,3007.1126581599997,0,NASA
Kepler-1514 b,1678.1424,12.419572,6145.0,217.83184,1295.7916955199998,0,NASA
Kepler-454 b,5.4,2.37,5687.0,10.5737534,752.99309564,0,NASA
Kepler-539 b,308.2951,8.373123,5820.0,125.63243,1002.3360960799998,0,NASA
KOI-1783.02,15.0,5.44,5922.0,284.215,2823.6303387999997,0,NASA
KOI-1599.02,9.0,1.9,,13.6088,3690.9117584,0,NASA
Kepler-28 b,1.63,1.959,4499.3,5.91,1429.73418004,0,NASA
Kepler-46 b,1907.0,9.057,5155.0,33.60134,2534.4278136,0,NASA
Kepler-82 b,12.15,4.07,,26.44,2949.51350856,0,NASA
Kepler-434 b,908.96,12.67,5977.0,12.8747099,3987.3875623999998,0,NASA
Kepler-435 b,266.97,22.31,6161.0,8.6001536,4627.4034812,0,NASA
Kepler-103 b,11.67,3.4857,6047.0,15.9653287,1613.92425792,0,NASA
Kepler-145 c,79.4,4.32,,42.882,1848.815286,0,NASA
KOI-3503 c,10.36,1.21,6001.0,31.828,2893.2124598399996,0,NASA
Kepler-177 c,14.7,8.73,5732.0,49.40926,4681.7736864,0,NASA
Kepler-109 b,4.9,2.49,5950.0,6.4816307,1548.7876431599998,0,NASA
Kepler-1972 c,2.11,0.868,5818.0,11.3295,937.1733888399999,1,NASA
Kepler-62 d,14.0,1.95,4925.0,18.16406,981.3186034400001,0,NASA
Kepler-425 b,79.45,10.962,5170.0,3.79701816,2109.07798932,0,NASA
Kepler-49 b,9.77,2.579,4095.6,7.2,1015.0692263199999,0,NASA
Kepler-96 b,8.46,2.67,5690.0,16.2385,400.78375436,0,NASA
Kepler-39 b,6388.1,13.9,6350.0,21.08721,3448.8061596000002,0,NASA
KOI-142 b,9.5,3.438,5466.0,10.91647,1229.16128628,0,NASA
HAT-P-7 b,584.8072,16.92559,6389.0,2.20474,1112.44962324,0,NASA
Kepler-32 b,1303.0,2.2,3900.0,5.90124,1056.2464213199999,0,NASA
Kepler-433 b,896.24,16.25,6360.0,5.33408384,6126.220763599999,0,NASA
Kepler-48 b,3.94,1.88,5194.0,4.778,1000.44439128,0,NASA
Kepler-223 d,8.0,5.24,,14.78869,6065.555747599999,0,NASA
Kepler-7 b,140.16303,18.180998,5933.0,4.8854892,3008.9913167199998,0,NASA
KOI-12 b,349.613,13.78707,,17.855182,1302.66054088,0,NASA
Kepler-29 b,5.0,2.55,5378.0,10.33974,2715.35306992,0,NASA
Kepler-40 b,699.2,13.11,6510.0,6.87349,7517.9284156,0,NASA
K2-27 b,30.2,4.74,5246.0,6.771347,814.2321462,0,NASA
K2-19 d,6.2,1.044,5350.0,2.50827,945.28815012,0,NASA
K2-36 c,7.9,3.2,4916.0,5.340888,357.95294843999994,0,NASA
K2-36 b,4.3,1.43,4916.0,1.422614,357.95294843999994,1,NASA
Kepler-74 b,200.22,10.76,6000.0,7.340711,3840.6499779999995,0,NASA
WASP-85 A b,402.05495,13.89916,6112.0,2.6556777,462.77296371999995,0,NASA
Kepler-553 b,116.00736855,4.74139884,5191.0,4.030467,2376.127999,0,NASA
K2-24 c,15.4,7.5,5625.0,42.3391,556.29819672,0,NASA
K2-24 b,19.0,5.4,5625.0,20.88977,556.29819672,0,NASA
K2-37 d,12.5,2.31,5352.0,14.09229,586.89489108,0,NASA
K2-31 b,563.83042,11.88154,5280.0,1.25785,360.49044211999995,0,NASA
K2-32 b,15.0,5.299,5271.0,8.992,514.28930392,0,NASA
K2-32 d,6.7,3.484,5271.0,31.71701,514.28930392,0,NASA
K2-32 c,8.1,3.134,5271.0,20.66093,514.28930392,0,NASA
K2-33 b,1175.971,5.04,3540.0,5.424865,454.23093808,0,NASA
K2-55 b,44.0,4.43,4300.0,2.849271,520.2905743199999,0,NASA
K2-265 b,7.3418362,1.70824866,5420.0,2.36902,452.28378675999994,0,NASA
K2-60 b,135.39558,7.655747,5500.0,3.00265,1604.2635172,0,NASA
K2-66 b,21.3,2.49,5887.0,5.06963,1676.0406681199997,0,NASA
K2-73 b,9.2,2.58,5867.0,7.49556,877.9565054799999,0,NASA
K2-39 b,28.6047,6.27704,4881.0,4.60543,1002.8318532000001,0,NASA
K2-85 b,3.2,1.4,4232.0,0.68453862616,317.08201392399997,1,NASA
K2-79 b,5.9,4.15,5897.0,10.995039,834.99523716,0,NASA
K2-111 b,5.35,1.837,5775.0,5.3518963,653.59705464,0,NASA
K2-180 b,11.41003981,2.46597575,5365.0,8.865663,665.01903776,0,NASA
K2-97 b,174.48779544,13.45077684,4673.0,8.407115,2865.0521507999997,0,NASA
K2-182 b,20.97667486,2.71257333,5128.0,4.7369696,504.9873348,0,NASA
K2-98 b,34.00763955,5.06645928,6260.0,10.1367349,1691.526555,0,NASA
K2-114 b,638.83509807,10.59248676,4899.0,11.390931,1551.71326248,0,NASA
K2-115 b,321.00669107,11.80305668,5870.0,20.2729914,1348.9518619599999,0,NASA
K2-419 A b,196.0,10.55,3711.0,20.35847252,876.3322486,0,NASA
K2-105 b,15.4,3.4,5373.0,8.26726,645.75300284,0,NASA
K2-121 b,51.0,7.16,4526.0,5.185738,552.5017408799999,0,NASA
K2-146 b,5.77,2.05,3385.0,2.6446,258.642360312,0,NASA
K2-100 b,21.8,3.88,5945.0,1.6739035,616.30111604,0,NASA
Kepler-538 b,12.9,2.215,5534.0,81.73778,508.65985135999995,0,NASA
K2-110 b,15.9,2.592,5010.0,13.86375,379.88693944,0,NASA
Kepler-52 c,45.4,1.84,4075.0,16.3850021,1048.72852552,0,NASA
K2-99 b,276.51071409,11.88151954,6069.0,18.24783,1693.49653724,0,NASA
K2-199 b,6.9,1.73,4491.0,3.2253993,350.67640808,0,NASA
K2-199 c,12.4,2.85,4491.0,7.3744897,350.67640808,0,NASA
Kepler-595 c,3.3,1.009,,12.38602,2097.21243404,0,NASA
Kepler-595 b,17.4,3.708,,25.3029092,2097.21243404,0,NASA
Kepler-100 c,7.05,2.2,5825.0,12.8159,993.6179461999999,0,NASA
Kepler-1704 b,1322.16617312,11.94877343,5746.0,988.88112,2724.8866098,0,NASA
Kepler-11 c,2.9,2.87,5663.0,13.0241,2108.09625976,0,NASA
Kepler-9 c,29.9,8.08,5774.0,38.9853,2049.0979009199996,0,NASA
Kepler-30 c,640.0,12.3,5498.0,60.323105,2981.78664476,0,NASA
Kepler-80 c,6.74,2.74,4540.0,9.52355,1204.98660356,0,NASA
Kepler-28 c,2.06,1.857,4499.3,8.99,1429.73418004,0,NASA
Kepler-82 c,13.9,5.34,,51.54,2949.51350856,0,NASA
Kepler-62 b,9.0,1.31,4925.0,5.714932,981.3186034400001,0,NASA
Synth-World-1,3.2691817199612254,1.3121891280460092,5239.113076692712,780.8450417440013,489.48802416292,1,Simulation
Synth-World-2,3.3851832781136517,0.9027637290851321,4734.5839830768045,495.9241036234316,461.7771520448437,1,Simulation
Synth-World-3,16.945241718928727,14.062235990426254,13296.905471115526,701.9418946113522,190.08427877138044,0,Simulation
Synth-World-4,3.4510955360071955,0.9993504261019153,5379.977336807512,83.58410634582087,355.2086707071291,1,Simulation
Synth-World-5,3.10544774953388,1.354453606889754,5149.561039640161,230.3929876139632,679.7078142582305,1,Simulation
Synth-World-6,1.3962380852032905,1.2649642011946973,4507.919291878427,621.6495706054122,346.89090808327455,1,Simulation
Synth-World-7,3.254481215661376,1.1683212486101204,5621.5028689631845,584.8245029015767,400.8763221170443,1,Simulation
Synth-World-8,14.637341059503072,11.402372245641061,10157.665478710282,336.1531954274252,286.17665167513394,0,Simulation
Synth-World-9,1.3906939400187082,1.121940697829396,4676.353704071094,533.166469607384,568.8383316629125,1,Simulation
Synth-World-10,98.31403091458478,13.708751772728224,13296.905471115526,226.7307993203846,381.81960173839,0,Simulation
Synth-World-11,11.71873927622491,11.84378536645492,1979.056478622856,323.16639872200335,508.22913892109506,0,Simulation
Synth-World-12,64.2956336716646,14.469065806154862,9213.540813192636,129.12355996742218,185.20559136591848,0,Simulation
Synth-World-13,2.843947554737799,0.9724741550585779,4864.4337422207755,207.7650913630418,621.96188398221,1,Simulation
Synth-World-14,3.0518583473912324,1.1111666088830185,4757.89254690896,101.27672400669879,762.1414006320313,1,Simulation
Synth-World-15,1.9204297155447543,1.3743746986329748,5765.857632792112,206.38135434434315,711.2827049406992,1,Simulation
Synth-World-16,2.7985974125826685,0.9222968322520719,5368.153974401792,435.24918988525064,417.3973247669646,1,Simulation
Synth-World-17,62.90608204877487,2.6405755174011176,1631.3164962097635,128.73431275342924,972.7625903122832,0,Simulation
Synth-World-18,47.91592381979973,13.167921331915602,14937.099414490129,298.5612274856401,147.8662707874123,0,Simulation
Synth-World-19,0.8844191051808123,1.0689214558478386,4594.744367530515,477.882238017877,150.55307447752227,1,Simulation
Synth-World-20,1.5042678930920743,1.0022195282468116,5108.121659093039,85.11240031963416,798.7607497454676,1,Simulation
